ANSWER_CHOICE_ID,TEXT_KEY,QUESTION_ID,IS_ANSWER_FLAG,IMAGE_FLAG
1,q1_ans1,1,0,0
2,q1_ans2,1,1,0
3,q2_ans1,2,1,0
4,q2_ans2,2,0,0
5,q3_ans1,3,1,0
6,q3_ans2,3,0,0
7,q4_ans1,4,0,0
8,q4_ans2,4,1,0
9,q5_ans1,5,1,0
10,q5_ans2,5,0,0
11,q6_ans1,6,1,0
12,q6_ans2,6,0,0
13,q7_ans1,7,1,0
14,q7_ans2,7,0,0
15,q8_ans1,8,1,0
16,q8_ans2,8,0,0
17,q9_ans1,9,0,0
18,q9_ans2,9,1,0
19,q10_ans1,10,1,0
20,q10_ans2,10,0,0
21,q11_ans1,11,1,0
22,q11_ans2,11,0,0
23,q12_ans1,12,0,0
24,q12_ans2,12,1,0
25,q13_ans1,13,0,0
26,q13_ans2,13,1,0
27,q14_ans1,14,1,0
28,q14_ans2,14,0,0
29,q15_ans1,15,0,0
30,q15_ans2,15,1,0
31,q16_ans1,16,1,0
32,q16_ans2,16,0,0
33,q17_ans1,17,1,0
34,q17_ans2,17,0,0
35,q18_ans1,18,1,0
36,q18_ans2,18,0,0
37,q19_ans1,19,0,0
38,q19_ans2,19,1,0
39,q20_ans1,20,0,0
40,q20_ans2,20,1,0
41,q21_ans1,21,1,0
42,q21_ans2,21,0,0
43,q22_ans1,22,1,0
44,q22_ans2,22,0,0
45,q23_ans1,23,0,0
46,q23_ans2,23,1,0
47,q24_ans1,24,1,0
48,q24_ans2,24,0,0
49,q25_ans1,25,1,0
50,q25_ans2,25,0,0
51,q26_ans1,26,1,0
52,q26_ans2,26,0,0
53,q27_ans1,27,1,0
54,q27_ans2,27,0,0
55,q28_ans1,28,1,0
56,q28_ans2,28,0,0
57,q29_ans1,29,1,0
58,q29_ans2,29,0,0
59,q30_ans1,30,0,0
60,q30_ans2,30,1,0
61,q31_ans1,31,1,0
62,q31_ans2,31,0,0
63,q32_ans1,32,0,0
64,q32_ans2,32,1,0
65,q33_ans1,33,0,0
66,q33_ans2,33,1,0
67,q34_ans1,34,0,0
68,q34_ans2,34,1,0
69,q35_ans1,35,1,0
70,q35_ans2,35,0,0
71,q36_ans1,36,0,0
72,q36_ans2,36,1,0
73,q37_ans1,37,1,0
74,q37_ans2,37,0,0
75,q38_ans1,38,1,0
76,q38_ans2,38,0,0
77,q39_ans1,39,0,0
78,q39_ans2,39,1,0
79,q40_ans1,40,1,0
80,q40_ans2,40,0,0
81,q41_ans1,41,1,0
82,q41_ans2,41,0,0
83,q42_ans1,42,0,0
84,q42_ans2,42,1,0
85,q43_ans1,43,1,0
86,q43_ans2,43,0,0
87,q44_ans1,44,1,0
88,q44_ans2,44,0,0
89,q45_ans1,45,0,0
90,q45_ans2,45,1,0
91,q46_ans1,46,0,0
92,q46_ans2,46,1,0
93,q47_ans1,47,1,0
94,q47_ans2,47,0,0
95,q48_ans1,48,1,0
96,q48_ans2,48,0,0
97,q49_ans1,49,0,0
98,q49_ans2,49,1,0
99,q50_ans1,50,0,0
100,q50_ans2,50,1,0
101,q51_ans1,51,1,0
102,q51_ans2,51,0,0
103,q52_ans1,52,0,0
104,q52_ans2,52,1,0
105,q53_ans1,53,0,0
106,q53_ans2,53,1,0
107,q54_ans1,54,1,0
108,q54_ans2,54,0,0
109,q55_ans1,55,0,0
110,q55_ans2,55,1,0
111,q56_ans1,56,1,0
112,q56_ans2,56,0,0
113,q57_ans1,57,1,0
114,q57_ans2,57,0,0
115,q58_ans1,58,0,0
116,q58_ans2,58,1,0
117,q59_ans1,59,0,0
118,q59_ans2,59,1,0
119,q60_ans1,60,0,0
120,q60_ans2,60,1,0
121,q61_ans1,61,0,0
122,q61_ans2,61,1,0
123,q62_ans1,62,0,0
124,q62_ans2,62,1,0
125,q63_ans1,63,1,0
126,q63_ans2,63,0,0
127,q64_ans1,64,1,0
128,q64_ans2,64,0,0
129,q65_ans1,65,1,0
130,q65_ans2,65,0,0
131,q66_ans1,66,1,0
132,q66_ans2,66,0,0
133,q67_ans1,67,0,0
134,q67_ans2,67,1,0
135,q68_ans1,68,0,0
136,q68_ans2,68,1,0
137,q69_ans1,69,0,0
138,q69_ans2,69,1,0
139,q70_ans1,70,0,0
140,q70_ans2,70,1,0
141,q71_ans1,71,0,0
142,q71_ans2,71,1,0
143,q72_ans1,72,1,0
144,q72_ans2,72,0,0
145,q73_ans1,73,0,0
146,q73_ans2,73,1,0
147,q74_ans1,74,0,0
148,q74_ans2,74,1,0
149,q75_ans1,75,1,0
150,q75_ans2,75,0,0
151,q76_ans1,76,0,0
152,q76_ans2,76,1,0
153,q77_ans1,77,1,0
154,q77_ans2,77,0,0
155,q78_ans1,78,0,0
156,q78_ans2,78,1,0
157,q79_ans1,79,1,0
158,q79_ans2,79,0,0
159,q80_ans1,80,1,0
160,q80_ans2,80,0,0
161,q81_ans1,81,1,0
162,q81_ans2,81,0,0
163,q82_ans1,82,1,0
164,q82_ans2,82,0,0
165,q83_ans1,83,1,0
166,q83_ans2,83,0,0
167,q84_ans1,84,1,0
168,q84_ans2,84,0,0
169,q85_ans1,85,1,0
170,q85_ans2,85,0,0
171,q86_ans1,86,1,0
172,q86_ans2,86,0,0
173,q87_ans1,87,1,0
174,q87_ans2,87,0,0
175,q88_ans1,88,1,0
176,q88_ans2,88,0,0
177,q89_ans1,89,1,0
178,q89_ans2,89,0,0
179,q90_ans1,90,0,0
180,q90_ans2,90,1,0
181,q91_ans1,91,1,0
182,q91_ans2,91,0,0
183,q92_ans1,92,0,0
184,q92_ans2,92,1,0
185,q93_ans1,93,0,0
186,q93_ans2,93,1,0
187,q94_ans1,94,1,0
188,q94_ans2,94,0,0
189,q95_ans1,95,0,0
190,q95_ans2,95,1,0
191,q96_ans1,96,0,0
192,q96_ans2,96,1,0
193,q97_ans1,97,1,0
194,q97_ans2,97,0,0
195,q98_ans1,98,0,0
196,q98_ans2,98,1,0
197,q99_ans1,99,1,0
198,q99_ans2,99,0,0
199,q100_ans1,100,0,0
200,q100_ans2,100,1,0
201,q101_ans1,101,1,0
202,q101_ans2,101,0,0
203,q102_ans1,102,0,0
204,q102_ans2,102,1,0
205,q103_ans1,103,0,0
206,q103_ans2,103,1,0
207,q104_ans1,104,0,0
208,q104_ans2,104,1,0
209,q105_ans1,105,1,0
210,q105_ans2,105,0,0
211,q106_ans1,106,0,0
212,q106_ans2,106,1,0
213,q107_ans1,107,1,0
214,q107_ans2,107,0,0
215,q108_ans1,108,1,0
216,q108_ans2,108,0,0
217,q109_ans1,109,1,0
218,q109_ans2,109,0,0
219,q110_ans1,110,1,0
220,q110_ans2,110,0,0
221,q111_ans1,111,1,0
222,q111_ans2,111,0,0
223,q112_ans1,112,1,0
224,q112_ans2,112,0,0
225,q113_ans1,113,1,0
226,q113_ans2,113,0,0
227,q114_ans1,114,1,0
228,q114_ans2,114,0,0
229,q115_ans1,115,1,0
230,q115_ans2,115,0,0
231,q116_ans1,116,0,0
232,q116_ans2,116,1,0
233,q117_ans1,117,1,0
234,q117_ans2,117,0,0
235,q118_ans1,118,1,0
236,q118_ans2,118,0,0
237,q119_ans1,119,0,0
238,q119_ans2,119,1,0
239,q120_ans1,120,1,0
240,q120_ans2,120,0,0
241,q121_ans1,121,1,0
242,q121_ans2,121,0,0
243,q122_ans1,122,0,0
244,q122_ans2,122,1,0
245,q123_ans1,123,1,0
246,q123_ans2,123,0,0
247,q124_ans1,124,1,0
248,q124_ans2,124,0,0
249,q125_ans1,125,1,0
250,q125_ans2,125,0,0
251,q126_ans1,126,0,0
252,q126_ans2,126,1,0
253,q127_ans1,127,0,0
254,q127_ans2,127,1,0
255,q128_ans1,128,0,0
256,q128_ans2,128,1,0
257,q129_ans1,129,1,0
258,q129_ans2,129,0,0
259,q130_ans1,130,1,0
260,q130_ans2,130,0,0
261,q131_ans1,131,0,0
262,q131_ans2,131,1,0
263,q132_ans1,132,1,0
264,q132_ans2,132,0,0
265,q133_ans1,133,1,0
266,q133_ans2,133,0,0
267,q134_ans1,134,0,0
268,q134_ans2,134,1,0
269,q135_ans1,135,0,0
270,q135_ans2,135,1,0
271,q136_ans1,136,1,0
272,q136_ans2,136,0,0
273,q137_ans1,137,0,0
274,q137_ans2,137,1,0
275,q138_ans1,138,0,0
276,q138_ans2,138,1,0
277,q139_ans1,139,1,0
278,q139_ans2,139,0,0
279,q140_ans1,140,1,0
280,q140_ans2,140,0,0
281,q141_ans1,141,0,0
282,q141_ans2,141,1,0
283,q142_ans1,142,0,0
284,q142_ans2,142,1,0
285,q143_ans1,143,1,0
286,q143_ans2,143,0,0
287,q144_ans1,144,1,0
288,q144_ans2,144,0,0
289,q145_ans1,145,1,0
290,q145_ans2,145,0,0
291,q146_ans1,146,1,0
292,q146_ans2,146,0,0
293,q147_ans1,147,1,0
294,q147_ans2,147,0,0
295,q148_ans1,148,0,0
296,q148_ans2,148,1,0
297,q149_ans1,149,1,0
298,q149_ans2,149,0,0
299,q150_ans1,150,1,0
300,q150_ans2,150,0,0
301,q151_ans1,151,1,0
302,q151_ans2,151,0,0
303,q152_ans1,152,1,0
304,q152_ans2,152,0,0
305,q153_ans1,153,0,0
306,q153_ans2,153,1,0
307,q154_ans1,154,0,0
308,q154_ans2,154,1,0
309,q155_ans1,155,1,0
310,q155_ans2,155,0,0
311,q156_ans1,156,1,0
312,q156_ans2,156,0,0
313,q157_ans1,157,1,0
314,q157_ans2,157,0,0
315,q158_ans1,158,1,0
316,q158_ans2,158,0,0
317,q159_ans1,159,1,0
318,q159_ans2,159,0,0
319,q160_ans1,160,1,0
320,q160_ans2,160,0,0
321,q161_ans1,161,1,0
322,q161_ans2,161,0,0
323,q162_ans1,162,1,0
324,q162_ans2,162,0,0
325,q163_ans1,163,0,0
326,q163_ans2,163,1,0
327,q164_ans1,164,1,0
328,q164_ans2,164,0,0
329,q165_ans1,165,0,0
330,q165_ans2,165,1,0
331,q166_ans1,166,1,0
332,q166_ans2,166,0,0
333,q167_ans1,167,1,0
334,q167_ans2,167,0,0
335,q168_ans1,168,0,0
336,q168_ans2,168,1,0
337,q169_ans1,169,1,0
338,q169_ans2,169,0,0
339,q170_ans1,170,1,0
340,q170_ans2,170,0,0
341,q171_ans1,171,1,0
342,q171_ans2,171,0,0
343,q172_ans1,172,1,0
344,q172_ans2,172,0,0
345,q173_ans1,173,1,0
346,q173_ans2,173,0,0
347,q174_ans1,174,1,0
348,q174_ans2,174,0,0
349,q175_ans1,175,0,0
350,q175_ans2,175,1,0
351,q176_ans1,176,1,0
352,q176_ans2,176,0,0
353,q177_ans1,177,1,0
354,q177_ans2,177,0,0
355,q178_ans1,178,1,0
356,q178_ans2,178,0,0
357,q179_ans1,179,1,0
358,q179_ans2,179,0,0
359,q180_ans1,180,1,0
360,q180_ans2,180,0,0
361,q181_ans1,181,0,0
362,q181_ans2,181,1,0
363,q182_ans1,182,1,0
364,q182_ans2,182,0,0
365,q183_ans1,183,1,0
366,q183_ans2,183,0,0
367,q184_ans1,184,0,0
368,q184_ans2,184,1,0
369,q185_ans1,185,1,0
370,q185_ans2,185,0,0
371,q186_ans1,186,0,0
372,q186_ans2,186,1,0
373,q187_ans1,187,1,0
374,q187_ans2,187,0,0
375,q188_ans1,188,0,0
376,q188_ans2,188,1,0
377,q189_ans1,189,1,0
378,q189_ans2,189,0,0
379,q190_ans1,190,1,0
380,q190_ans2,190,0,0
381,q191_ans1,191,0,0
382,q191_ans2,191,1,0
383,q192_ans1,192,0,0
384,q192_ans2,192,1,0
385,q193_ans1,193,0,0
386,q193_ans2,193,1,0
387,q194_ans1,194,1,0
388,q194_ans2,194,0,0
389,q195_ans1,195,1,0
390,q195_ans2,195,0,0
391,q196_ans1,196,0,0
392,q196_ans2,196,1,0
393,q197_ans1,197,0,0
394,q197_ans2,197,1,0
395,q198_ans1,198,1,0
396,q198_ans2,198,0,0
397,q199_ans1,199,1,0
398,q199_ans2,199,0,0
399,q200_ans1,200,1,0
400,q200_ans2,200,0,0
401,q201_ans1,201,0,0
402,q201_ans2,201,1,0
403,q202_ans1,202,1,0
404,q202_ans2,202,0,0
405,q203_ans1,203,1,0
406,q203_ans2,203,0,0
407,q204_ans1,204,1,0
408,q204_ans2,204,0,0
409,q205_ans1,205,0,0
410,q205_ans2,205,1,0
411,q206_ans1,206,1,0
412,q206_ans2,206,0,0
413,q207_ans1,207,1,0
414,q207_ans2,207,0,0
415,q208_ans1,208,1,0
416,q208_ans2,208,0,0
417,q209_ans1,209,1,0
418,q209_ans2,209,0,0
419,q210_ans1,210,1,0
420,q210_ans2,210,0,0
421,q211_ans1,211,0,0
422,q211_ans2,211,1,0
423,q212_ans1,212,1,0
424,q212_ans2,212,0,0
425,q213_ans1,213,0,0
426,q213_ans2,213,1,0
427,q214_ans1,214,0,0
428,q214_ans2,214,1,0
429,q215_ans1,215,1,0
430,q215_ans2,215,0,0
431,q216_ans1,216,1,0
432,q216_ans2,216,0,0
433,q217_ans1,217,0,0
434,q217_ans2,217,1,0
435,q218_ans1,218,1,0
436,q218_ans2,218,0,0
437,q219_ans1,219,1,0
438,q219_ans2,219,0,0
439,q220_ans1,220,1,0
440,q220_ans2,220,0,0
441,q221_ans1,221,1,0
442,q221_ans2,221,0,0
443,q222_ans1,222,0,0
444,q222_ans2,222,1,0
445,q223_ans1,223,0,0
446,q223_ans2,223,1,0
447,q224_ans1,224,0,0
448,q224_ans2,224,1,0
449,q225_ans1,225,1,0
450,q225_ans2,225,0,0
451,q226_ans1,226,1,0
452,q226_ans2,226,0,0
453,q227_ans1,227,0,0
454,q227_ans2,227,1,0
455,q228_ans1,228,1,0
456,q228_ans2,228,0,0
457,q229_ans1,229,1,0
458,q229_ans2,229,0,0
459,q230_ans1,230,0,0
460,q230_ans2,230,1,0
461,q231_ans1,231,1,0
462,q231_ans2,231,0,0
463,q232_ans1,232,1,0
464,q232_ans2,232,0,0
465,q233_ans1,233,0,0
466,q233_ans2,233,1,0
467,q234_ans1,234,1,0
468,q234_ans2,234,0,0
469,q235_ans1,235,0,0
470,q235_ans2,235,1,0
471,q236_ans1,236,0,0
472,q236_ans2,236,1,0
473,q237_ans1,237,1,0
474,q237_ans2,237,0,0
475,q238_ans1,238,1,0
476,q238_ans2,238,0,0
477,q239_ans1,239,0,0
478,q239_ans2,239,1,0
479,q240_ans1,240,0,0
480,q240_ans2,240,1,0
481,q241_ans1,241,0,0
482,q241_ans2,241,1,0
483,q242_ans1,242,0,0
484,q242_ans2,242,1,0
485,q243_ans1,243,0,0
486,q243_ans2,243,1,0
487,q244_ans1,244,1,0
488,q244_ans2,244,0,0
489,q245_ans1,245,0,0
490,q245_ans2,245,1,0
491,q246_ans1,246,1,0
492,q246_ans2,246,0,0
493,q247_ans1,247,0,0
494,q247_ans2,247,1,0
495,q248_ans1,248,1,0
496,q248_ans2,248,0,0
497,q249_ans1,249,0,0
498,q249_ans2,249,1,0
499,q250_ans1,250,1,0
500,q250_ans2,250,0,0
501,q251_ans1,251,0,0
502,q251_ans2,251,1,0
503,q252_ans1,252,1,0
504,q252_ans2,252,0,0
505,q253_ans1,253,1,0
506,q253_ans2,253,0,0
507,q254_ans1,254,0,0
508,q254_ans2,254,1,0
509,q255_ans1,255,1,0
510,q255_ans2,255,0,0
511,q256_ans1,256,1,0
512,q256_ans2,256,0,0
513,q257_ans1,257,1,0
514,q257_ans2,257,0,0
515,q258_ans1,258,1,0
516,q258_ans2,258,0,0
517,q259_ans1,259,0,0
518,q259_ans2,259,1,0
519,q260_ans1,260,1,0
520,q260_ans2,260,0,0
521,q261_ans1,261,1,0
522,q261_ans2,261,0,0
523,q262_ans1,262,1,0
524,q262_ans2,262,0,0
525,q263_ans1,263,1,0
526,q263_ans2,263,0,0
527,q264_ans1,264,1,0
528,q264_ans2,264,0,0
529,q265_ans1,265,1,0
530,q265_ans2,265,0,0
531,q266_ans1,266,1,0
532,q266_ans2,266,0,0
533,q267_ans1,267,1,0
534,q267_ans2,267,0,0
535,q268_ans1,268,,0
536,q268_ans2,268,1,0
537,q269_ans1,269,0,0
538,q269_ans2,269,1,0
539,q270_ans1,270,1,0
540,q270_ans2,270,0,0
541,q271_ans1,271,0,0
542,q271_ans2,271,1,0
543,q272_ans1,272,1,0
544,q272_ans2,272,0,0
545,q273_ans1,273,0,0
546,q273_ans2,273,1,0
547,q274_ans1,274,1,0
548,q274_ans2,274,0,0
549,q275_ans1,275,0,0
550,q275_ans2,275,1,0
551,q276_ans1,276,1,0
552,q276_ans2,276,0,0
553,q277_ans1,277,0,0
554,q277_ans2,277,1,0
555,q278_ans1,278,1,0
556,q278_ans2,278,0,0
557,q279_ans1,279,0,0
558,q279_ans2,279,1,0
559,q280_ans1,280,1,0
560,q280_ans2,280,0,0
561,q281_ans1,281,0,0
562,q281_ans2,281,1,0
563,q282_ans1,282,0,0
564,q282_ans2,282,1,0
565,q283_ans1,283,1,0
566,q283_ans2,283,0,0
567,q284_ans1,284,1,0
568,q284_ans2,284,0,0
569,q285_ans1,285,1,0
570,q285_ans2,285,0,0
571,q286_ans1,286,0,0
572,q286_ans2,286,1,0
573,q287_ans1,287,0,0
574,q287_ans2,287,1,0
575,q288_ans1,288,0,0
576,q288_ans2,288,1,0
577,q289_ans1,289,1,0
578,q289_ans2,289,0,0
579,q290_ans1,290,1,0
580,q290_ans2,290,0,0
581,q291_ans1,291,0,0
582,q291_ans2,291,1,0
583,q292_ans1,292,1,0
584,q292_ans2,292,0,0
585,q293_ans1,293,1,0
586,q293_ans2,293,0,0
587,q294_ans1,294,1,0
588,q294_ans2,294,0,0
589,q295_ans1,295,1,0
590,q295_ans2,295,0,0
591,q296_ans1,296,1,0
592,q296_ans2,296,0,0
593,q297_ans1,297,1,0
594,q297_ans2,297,0,0
595,q298_ans1,298,0,0
596,q298_ans2,298,1,0
597,q299_ans1,299,0,0
598,q299_ans2,299,1,0
599,q300_ans1,300,0,0
600,q300_ans2,300,1,0
601,q301_ans1,301,1,0
602,q301_ans2,301,0,0
603,q302_ans1,302,0,0
604,q302_ans2,302,1,0
605,q303_ans1,303,0,0
606,q303_ans2,303,1,0
607,q304_ans1,304,1,0
608,q304_ans2,304,0,0
609,q305_ans1,305,1,0
610,q305_ans2,305,0,0
611,q306_ans1,306,1,0
612,q306_ans2,306,0,0
613,q307_ans1,307,0,0
614,q307_ans2,307,1,0
615,q308_ans1,308,1,0
616,q308_ans2,308,0,0
617,q309_ans1,309,1,0
618,q309_ans2,309,0,0
619,q310_ans1,310,1,0
620,q310_ans2,310,0,0
621,q311_ans1,311,0,0
622,q311_ans2,311,1,0
623,q312_ans1,312,0,0
624,q312_ans2,312,1,0
625,q313_ans1,313,1,0
626,q313_ans2,313,0,0
627,q314_ans1,314,0,0
628,q314_ans2,314,1,0
629,q315_ans1,315,1,0
630,q315_ans2,315,0,0
631,q316_ans1,316,0,0
632,q316_ans2,316,1,0
633,q317_ans1,317,0,0
634,q317_ans2,317,1,0
635,q318_ans1,318,1,0
636,q318_ans2,318,0,0
637,q319_ans1,319,1,0
638,q319_ans2,319,0,0
639,q320_ans1,320,0,0
640,q320_ans2,320,1,0
641,q321_ans1,321,0,0
642,q321_ans2,321,1,0
643,q322_ans1,322,0,0
644,q322_ans2,322,1,0
645,q323_ans1,323,1,0
646,q323_ans2,323,0,0
647,q324_ans1,324,1,0
648,q324_ans2,324,0,0
649,q325_ans1,325,0,0
650,q325_ans2,325,1,0
651,q326_ans1,326,0,0
652,q326_ans2,326,1,0
653,q327_ans1,327,1,0
654,q327_ans2,327,0,0
655,q328_ans1,328,1,0
656,q328_ans2,328,0,0
657,q329_ans1,329,1,0
658,q329_ans2,329,0,0
659,q330_ans1,330,0,0
660,q330_ans2,330,1,0
661,q331_ans1,331,0,0
662,q331_ans2,331,1,0
663,q332_ans1,332,1,0
664,q332_ans2,332,0,0
665,q333_ans1,333,1,0
666,q333_ans2,333,0,0
667,q334_ans1,334,0,0
668,q334_ans2,334,1,0
669,q335_ans1,335,0,0
670,q335_ans2,335,1,0
671,q336_ans1,336,1,0
672,q336_ans2,336,0,0
673,q337_ans1,337,1,0
674,q337_ans2,337,0,0
675,q338_ans1,338,0,0
676,q338_ans2,338,1,0
677,q339_ans1,339,1,0
678,q339_ans2,339,0,0
679,q340_ans1,340,1,0
680,q340_ans2,340,0,0
681,q341_ans1,341,0,0
682,q341_ans2,341,1,0
683,q342_ans1,342,1,0
684,q342_ans2,342,0,0
685,q343_ans1,343,1,0
686,q343_ans2,343,0,0
687,q344_ans1,344,1,0
688,q344_ans2,344,0,0
689,q345_ans1,345,1,0
690,q345_ans2,345,0,0
691,q346_ans1,346,1,0
692,q346_ans2,346,0,0
693,q347_ans1,347,1,0
694,q347_ans2,347,0,0
695,q348_ans1,348,0,0
696,q348_ans2,348,1,0
697,q349_ans1,349,0,0
698,q349_ans2,349,1,0
699,q350_ans1,350,1,0
700,q350_ans2,350,0,0
701,q351_ans1,351,0,0
702,q351_ans2,351,1,0
703,q352_ans1,352,1,0
704,q352_ans2,352,0,0
705,q353_ans1,353,1,0
706,q353_ans2,353,0,0
707,q354_ans1,354,1,0
708,q354_ans2,354,0,0
709,q355_ans1,355,1,0
710,q355_ans2,355,0,0
711,q356_ans1,356,1,0
712,q356_ans2,356,0,0
713,q357_ans1,357,1,0
714,q357_ans2,357,0,0
715,q358_ans1,358,1,0
716,q358_ans2,358,0,0
717,q359_ans1,359,0,0
718,q359_ans2,359,1,0
719,q360_ans1,360,1,0
720,q360_ans2,360,0,0
721,q361_ans1,361,0,0
722,q361_ans2,361,1,0
723,q362_ans1,362,1,0
724,q362_ans2,362,0,0
725,q363_ans1,363,0,0
726,q363_ans2,363,1,0
727,q364_ans1,364,0,0
728,q364_ans2,364,1,0
729,q365_ans1,365,0,0
730,q365_ans2,365,1,0
731,q366_ans1,366,1,0
732,q366_ans2,366,0,0
733,q367_ans1,367,1,0
734,q367_ans2,367,0,0
735,q368_ans1,368,0,0
736,q368_ans2,368,1,0
737,q369_ans1,369,1,0
738,q369_ans2,369,0,0
739,q370_ans1,370,0,0
740,q370_ans2,370,1,0
741,q371_ans1,371,0,0
742,q371_ans2,371,1,0
743,q372_ans1,372,0,0
744,q372_ans2,372,1,0
745,q373_ans1,373,1,0
746,q373_ans2,373,0,0
747,q374_ans1,374,0,0
748,q374_ans2,374,1,0
749,q375_ans1,375,1,0
750,q375_ans2,375,0,0
751,q376_ans1,376,1,0
752,q376_ans2,376,0,0
753,q377_ans1,377,1,0
754,q377_ans2,377,0,0
755,q378_ans1,378,0,0
756,q378_ans2,378,1,0
757,q379_ans1,379,0,0
758,q379_ans2,379,1,0
759,q380_ans1,380,1,0
760,q380_ans2,380,0,0
761,q381_ans1,381,1,0
762,q381_ans2,381,0,0
763,q382_ans1,382,0,0
764,q382_ans2,382,1,0
765,q383_ans1,383,1,0
766,q383_ans2,383,0,0
767,q384_ans1,384,1,0
768,q384_ans2,384,0,0
769,q385_ans1,385,1,0
770,q385_ans2,385,0,0
771,q386_ans1,386,1,0
772,q386_ans2,386,0,0
773,q387_ans1,387,1,0
774,q387_ans2,387,0,0
775,q388_ans1,388,1,0
776,q388_ans2,388,0,0
777,q389_ans1,389,1,0
778,q389_ans2,389,0,0
779,q390_ans1,390,1,0
780,q390_ans2,390,0,0
781,q391_ans1,391,0,0
782,q391_ans2,391,1,0
783,q392_ans1,392,0,0
784,q392_ans2,392,1,0
785,q393_ans1,393,0,0
786,q393_ans2,393,1,0
787,q394_ans1,394,1,0
788,q394_ans2,394,0,0
789,q395_ans1,395,1,0
790,q395_ans2,395,0,0
791,q396_ans1,396,1,0
792,q396_ans2,396,0,0
793,q397_ans1,397,1,0
794,q397_ans2,397,0,0
795,q398_ans1,398,1,0
796,q398_ans2,398,0,0
797,q399_ans1,399,1,0
798,q399_ans2,399,0,0
799,q400_ans1,400,1,0
800,q400_ans2,400,0,0
801,q401_ans1,401,1,0
802,q401_ans2,401,0,0
803,q402_ans1,402,0,0
804,q402_ans2,402,1,0
805,q403_ans1,403,1,0
806,q403_ans2,403,0,0
807,q404_ans1,404,1,0
808,q404_ans2,404,0,0
809,q405_ans1,405,0,0
810,q405_ans2,405,1,0
811,q406_ans1,406,0,0
812,q406_ans2,406,1,0
813,q407_ans1,407,0,0
814,q407_ans2,407,1,0
815,q408_ans1,408,1,0
816,q408_ans2,408,0,0
817,q409_ans1,409,1,0
818,q409_ans2,409,0,0
819,q410_ans1,410,0,0
820,q410_ans2,410,1,0
821,q411_ans1,411,1,0
822,q411_ans2,411,0,0
823,q412_ans1,412,0,0
824,q412_ans2,412,1,0
825,q413_ans1,413,1,0
826,q413_ans2,413,0,0
827,q414_ans1,414,1,0
828,q414_ans2,414,0,0
829,q415_ans1,415,1,0
830,q415_ans2,415,0,0
831,q416_ans1,416,1,0
832,q416_ans2,416,0,0
833,q417_ans1,417,1,0
834,q417_ans2,417,0,0
835,q418_ans1,418,0,0
836,q418_ans2,418,1,0
837,q419_ans1,419,1,0
838,q419_ans2,419,0,0
839,q420_ans1,420,1,0
840,q420_ans2,420,0,0
841,q421_ans1,421,1,0
842,q421_ans2,421,0,0
843,q422_ans1,422,1,0
844,q422_ans2,422,0,0
845,q423_ans1,423,0,0
846,q423_ans2,423,1,0
847,q424_ans1,424,1,0
848,q424_ans2,424,0,0
849,q425_ans1,425,0,0
850,q425_ans2,425,1,0
851,q426_ans1,426,0,0
852,q426_ans2,426,1,0
853,q427_ans1,427,1,0
854,q427_ans2,427,0,0
855,q428_ans1,428,1,0
856,q428_ans2,428,0,0
857,q429_ans1,429,1,0
858,q429_ans2,429,0,0
859,q430_ans1,430,0,0
860,q430_ans2,430,1,0
861,q431_ans1,431,1,0
862,q431_ans2,431,0,0
863,q432_ans1,432,0,0
864,q432_ans2,432,1,0
865,q433_ans1,433,1,0
866,q433_ans2,433,0,0
867,q434_ans1,434,1,0
868,q434_ans2,434,0,0
869,q435_ans1,435,1,0
870,q435_ans2,435,0,0
871,q436_ans1,436,1,0
872,q436_ans2,436,0,0
873,q437_ans1,437,0,0
874,q437_ans2,437,1,0
875,q438_ans1,438,0,0
876,q438_ans2,438,1,0
877,q439_ans1,439,1,0
878,q439_ans2,439,0,0
879,q440_ans1,440,0,0
880,q440_ans2,440,1,0
881,q441_ans1,441,1,0
882,q441_ans2,441,0,0
883,q442_ans1,442,0,0
884,q442_ans2,442,1,0
885,q443_ans1,443,0,0
886,q443_ans2,443,1,0
887,q444_ans1,444,1,0
888,q444_ans2,444,0,0
889,q445_ans1,445,0,0
890,q445_ans2,445,1,0
891,q446_ans1,446,1,0
892,q446_ans2,446,0,0
893,q447_ans1,447,1,0
894,q447_ans2,447,0,0
895,q448_ans1,448,1,0
896,q448_ans2,448,0,0
897,q449_ans1,449,0,0
898,q449_ans2,449,1,0
899,q450_ans1,450,1,0
900,q450_ans2,450,0,0
901,q451_ans1,451,1,0
902,q451_ans2,451,0,0
903,q452_ans1,452,1,0
904,q452_ans2,452,0,0
905,q453_ans1,453,1,0
906,q453_ans2,453,0,0
907,q454_ans1,454,1,0
908,q454_ans2,454,0,0
909,q455_ans1,455,1,0
910,q455_ans2,455,0,0
911,q456_ans1,456,1,0
912,q456_ans2,456,0,0
913,q457_ans1,457,0,0
914,q457_ans2,457,1,0
915,q458_ans1,458,1,0
916,q458_ans2,458,0,0
917,q459_ans1,459,1,0
918,q459_ans2,459,0,0
919,q460_ans1,460,0,0
920,q460_ans2,460,1,0
921,q461_ans1,461,0,0
922,q461_ans2,461,1,0
923,q462_ans1,462,0,0
924,q462_ans2,462,1,0
925,q463_ans1,463,1,0
926,q463_ans2,463,0,0
927,q464_ans1,464,0,0
928,q464_ans2,464,1,0
929,q465_ans1,465,1,0
930,q465_ans2,465,0,0
931,q466_ans1,466,0,0
932,q466_ans2,466,1,0
933,q467_ans1,467,1,0
934,q467_ans2,467,0,0
935,q468_ans1,468,1,0
936,q468_ans2,468,0,0
937,q469_ans1,469,1,0
938,q469_ans2,469,0,0
939,q470_ans1,470,1,0
940,q470_ans2,470,0,0
941,q471_ans1,471,1,0
942,q471_ans2,471,0,0
943,q472_ans1,472,0,0
944,q472_ans2,472,1,0
945,q473_ans1,473,1,0
946,q473_ans2,473,0,0
947,q474_ans1,474,1,0
948,q474_ans2,474,0,0
949,q475_ans1,475,1,0
950,q475_ans2,475,0,0
951,q476_ans1,476,1,0
952,q476_ans2,476,0,0
953,q477_ans1,477,0,0
954,q477_ans2,477,1,0
955,q478_ans1,478,1,0
956,q478_ans2,478,0,0
957,q479_ans1,479,1,0
958,q479_ans2,479,0,0
959,q480_ans1,480,0,0
960,q480_ans2,480,1,0
961,q481_ans1,481,1,0
962,q481_ans2,481,0,0
963,q482_ans1,482,1,0
964,q482_ans2,482,0,0
965,q483_ans1,483,1,0
966,q483_ans2,483,0,0
967,q484_ans1,484,0,0
968,q484_ans2,484,1,0
969,q485_ans1,485,0,0
970,q485_ans2,485,1,0
971,q486_ans1,486,1,0
972,q486_ans2,486,0,0
973,q487_ans1,487,1,0
974,q487_ans2,487,0,0
975,q488_ans1,488,0,0
976,q488_ans2,488,1,0
977,q489_ans1,489,1,0
978,q489_ans2,489,0,0
979,q490_ans1,490,1,0
980,q490_ans2,490,0,0
981,q491_ans1,491,1,0
982,q491_ans2,491,0,0
983,q492_ans1,492,1,0
984,q492_ans2,492,0,0
985,q493_ans1,493,1,0
986,q493_ans2,493,0,0
987,q494_ans1,494,1,0
988,q494_ans2,494,0,0
989,q495_ans1,495,0,0
990,q495_ans2,495,1,0
991,q496_ans1,496,1,0
992,q496_ans2,496,0,0
993,q497_ans1,497,0,0
994,q497_ans2,497,1,0
995,q498_ans1,498,1,0
996,q498_ans2,498,0,0
997,q499_ans1,499,0,0
998,q499_ans2,499,1,0
999,q500_ans1,500,1,0
1000,q500_ans2,500,0,0
1001,q501_ans1,501,1,0
1002,q501_ans2,501,0,0
1003,q502_ans1,502,1,0
1004,q502_ans2,502,0,0
1005,q503_ans1,503,0,0
1006,q503_ans2,503,1,0
1007,q504_ans1,504,1,0
1008,q504_ans2,504,0,0
1009,q505_ans1,505,0,0
1010,q505_ans2,505,1,0
1011,q506_ans1,506,0,0
1012,q506_ans2,506,1,0
1013,q507_ans1,507,0,0
1014,q507_ans2,507,1,0
1015,q508_ans1,508,0,0
1016,q508_ans2,508,1,0
1017,q509_ans1,509,0,0
1018,q509_ans2,509,1,0
1019,q510_ans1,510,0,0
1020,q510_ans2,510,1,0
1021,q511_ans1,511,1,0
1022,q511_ans2,511,0,0
1023,q512_ans1,512,0,0
1024,q512_ans2,512,1,0
1025,q513_ans1,513,0,0
1026,q513_ans2,513,1,0
1027,q514_ans1,514,0,0
1028,q514_ans2,514,1,0
1029,q515_ans1,515,1,0
1030,q515_ans2,515,0,0
1031,q516_ans1,516,0,0
1032,q516_ans2,516,1,0
1033,q517_ans1,517,1,0
1034,q517_ans2,517,0,0
1035,q518_ans1,518,0,0
1036,q518_ans2,518,1,0
1037,q519_ans1,519,1,0
1038,q519_ans2,519,0,0
1039,q520_ans1,520,1,0
1040,q520_ans2,520,0,0
1041,q521_ans1,521,0,0
1042,q521_ans2,521,1,0
1043,q522_ans1,522,1,0
1044,q522_ans2,522,0,0
1045,q523_ans1,523,1,0
1046,q523_ans2,523,0,0
1047,q524_ans1,524,1,0
1048,q524_ans2,524,0,0
1049,q525_ans1,525,0,0
1050,q525_ans2,525,1,0
1051,q526_ans1,526,0,0
1052,q526_ans2,526,1,0
1053,q527_ans1,527,1,0
1054,q527_ans2,527,0,0
1055,q528_ans1,528,1,0
1056,q528_ans2,528,0,0
1057,q529_ans1,529,0,0
1058,q529_ans2,529,1,0
1059,q530_ans1,530,1,0
1060,q530_ans2,530,0,0
1061,q531_ans1,531,0,0
1062,q531_ans2,531,1,0
1063,q532_ans1,532,0,0
1064,q532_ans2,532,1,0
1065,q533_ans1,533,1,0
1066,q533_ans2,533,0,0
1067,q534_ans1,534,1,0
1068,q534_ans2,534,0,0
1069,q535_ans1,535,1,0
1070,q535_ans2,535,0,0
1071,q536_ans1,536,1,0
1072,q536_ans2,536,0,0
1073,q537_ans1,537,1,0
1074,q537_ans2,537,0,0
1075,q538_ans1,538,0,0
1076,q538_ans2,538,1,0
1077,q539_ans1,539,0,0
1078,q539_ans2,539,1,0
1079,q540_ans1,540,1,0
1080,q540_ans2,540,0,0
1081,q541_ans1,541,1,0
1082,q541_ans2,541,0,0
1083,q542_ans1,542,1,0
1084,q542_ans2,542,0,0
1085,q543_ans1,543,1,0
1086,q543_ans2,543,0,0
1087,q544_ans1,544,0,0
1088,q544_ans2,544,1,0
1089,q545_ans1,545,1,0
1090,q545_ans2,545,0,0
1091,q546_ans1,546,1,0
1092,q546_ans2,546,0,0
1093,q547_ans1,547,1,0
1094,q547_ans2,547,0,0
1095,q548_ans1,548,1,0
1096,q548_ans2,548,0,0
1097,q549_ans1,549,0,0
1098,q549_ans2,549,1,0
1099,q550_ans1,550,1,0
1100,q550_ans2,550,0,0
1101,q551_ans1,551,0,0
1102,q551_ans2,551,1,0
1103,q552_ans1,552,0,0
1104,q552_ans2,552,1,0
1105,q553_ans1,553,1,0
1106,q553_ans2,553,0,0
1107,q554_ans1,554,1,0
1108,q554_ans2,554,0,0
1109,q555_ans1,555,1,0
1110,q555_ans2,555,0,0
1111,q556_ans1,556,0,0
1112,q556_ans2,556,1,0
1113,q557_ans1,557,1,0
1114,q557_ans2,557,0,0
1115,q558_ans1,558,0,0
1116,q558_ans2,558,1,0
1117,q559_ans1,559,0,0
1118,q559_ans2,559,1,0
1119,q560_ans1,560,1,0
1120,q560_ans2,560,0,0
1121,q561_ans1,561,1,0
1122,q561_ans2,561,0,0
1123,q562_ans1,562,1,0
1124,q562_ans2,562,0,0
1125,q563_ans1,563,0,0
1126,q563_ans2,563,1,0
1127,q564_ans1,564,1,0
1128,q564_ans2,564,0,0
1129,q565_ans1,565,0,0
1130,q565_ans2,565,1,0
1131,q566_ans1,566,1,0
1132,q566_ans2,566,0,0
1133,q567_ans1,567,1,0
1134,q567_ans2,567,0,0
1135,q568_ans1,568,0,0
1136,q568_ans2,568,1,0
1137,q569_ans1,569,1,0
1138,q569_ans2,569,0,0
1139,q570_ans1,570,1,0
1140,q570_ans2,570,0,0
1141,q571_ans1,571,1,0
1142,q571_ans2,571,0,0
1143,q572_ans1,572,0,0
1144,q572_ans2,572,1,0
1145,q573_ans1,573,0,0
1146,q573_ans2,573,1,0
1147,q574_ans1,574,1,0
1148,q574_ans2,574,0,0
1149,q575_ans1,575,1,0
1150,q575_ans2,575,0,0
1151,q576_ans1,576,1,0
1152,q576_ans2,576,0,0
1153,q577_ans1,577,0,0
1154,q577_ans2,577,1,0
1155,q578_ans1,578,0,0
1156,q578_ans2,578,1,0
1157,q579_ans1,579,1,0
1158,q579_ans2,579,0,0
1159,q580_ans1,580,1,0
1160,q580_ans2,580,0,0
1161,q581_ans1,581,1,0
1162,q581_ans2,581,0,0
1163,q582_ans1,582,1,0
1164,q582_ans2,582,0,0
1165,q583_ans1,583,0,0
1166,q583_ans2,583,1,0
1167,q584_ans1,584,1,0
1168,q584_ans2,584,0,0
1169,q585_ans1,585,1,0
1170,q585_ans2,585,0,0
1171,q586_ans1,586,1,0
1172,q586_ans2,586,0,0
1173,q587_ans1,587,1,0
1174,q587_ans2,587,0,0
1175,q588_ans1,588,1,0
1176,q588_ans2,588,0,0
1177,q589_ans1,589,0,0
1178,q589_ans2,589,1,0
1179,q590_ans1,590,1,0
1180,q590_ans2,590,0,0
1181,q591_ans1,591,0,0
1182,q591_ans2,591,1,0
1183,q592_ans1,592,1,0
1184,q592_ans2,592,0,0
1185,q593_ans1,593,0,0
1186,q593_ans2,593,1,0
1187,q594_ans1,594,1,0
1188,q594_ans2,594,0,0
1189,q595_ans1,595,1,0
1190,q595_ans2,595,0,0
1191,q596_ans1,596,1,0
1192,q596_ans2,596,0,0
1193,q597_ans1,597,0,0
1194,q597_ans2,597,1,0
1195,q598_ans1,598,1,0
1196,q598_ans2,598,0,0
1197,q599_ans1,599,0,0
1198,q599_ans2,599,1,0
1199,q600_ans1,600,0,0
1200,q600_ans2,600,1,0
1201,q601_ans1,601,1,0
1202,q601_ans2,601,0,0
1203,q601_ans3,601,0,0
1204,q601_ans4,601,0,0
1205,q602_ans1,602,0,0
1206,q602_ans2,602,1,0
1207,q602_ans3,602,0,0
1208,q603_ans1,603,0,0
1209,q603_ans2,603,1,0
1210,q603_ans3,603,0,0
1211,q603_ans4,603,0,0
1212,q604_ans1,604,0,0
1213,q604_ans2,604,0,0
1214,q604_ans3,604,0,0
1215,q604_ans4,604,1,0
1216,q605_ans1,605,0,0
1217,q605_ans2,605,0,0
1218,q605_ans3,605,0,0
1219,q605_ans4,605,1,0
1220,q606_ans1,606,0,0
1221,q606_ans2,606,0,0
1222,q606_ans3,606,0,0
1223,q606_ans4,606,0,0
1224,q606_ans5,606,1,0
1225,q607_ans1,607,0,0
1226,q607_ans2,607,1,0
1227,q607_ans3,607,0,0
1228,q608_ans1,608,0,0
1229,q608_ans2,608,1,0
1230,q608_ans3,608,0,0
1231,q609_ans1,609,0,0
1232,q609_ans2,609,1,0
1233,q609_ans3,609,0,0
1234,q610_ans1,610,0,0
1235,q610_ans2,610,1,0
1236,q610_ans3,610,0,0
1237,q610_ans4,610,0,0
1238,q611_ans1,611,0,0
1239,q611_ans2,611,0,0
1240,q611_ans3,611,0,0
1241,q611_ans4,611,0,0
1243,q612_ans1,612,0,0
1244,q612_ans2,612,1,0
1245,q612_ans3,612,0,0
1246,q613_ans1,613,0,0
1247,q613_ans2,613,0,0
1248,q613_ans3,613,0,0
1249,q613_ans4,613,0,0
1250,q613_ans5,613,1,0
1251,q614_ans1,614,0,0
1252,q614_ans2,614,0,0
1253,q614_ans3,614,1,0
1254,q615_ans1,615,1,0
1255,q615_ans2,615,0,0
1256,q615_ans3,615,0,0
1257,q615_ans4,615,0,0
1258,q616_ans1,616,0,0
1259,q616_ans2,616,0,0
1260,q616_ans3,616,0,0
1261,q616_ans4,616,1,0
1262,q617_ans1,617,0,0
1263,q617_ans2,617,0,0
1264,q617_ans3,617,1,0
1265,q617_ans4,617,0,0
1266,q618_ans1,618,0,0
1267,q618_ans2,618,0,0
1268,q618_ans3,618,0,0
1269,q618_ans4,618,0,0
1270,q618_ans5,618,1,0
1271,q619_ans1,619,0,0
1272,q619_ans2,619,0,0
1273,q619_ans3,619,1,0
1274,q619_ans4,619,0,0
1275,q620_ans1,620,0,0
1276,q620_ans2,620,1,0
1277,q620_ans3,620,0,0
1278,q621_ans1,621,0,0
1279,q621_ans2,621,1,0
1280,q621_ans3,621,0,0
1281,q621_ans4,621,0,0
1282,q622_ans1,622,0,0
1283,q622_ans2,622,0,0
1284,q622_ans3,622,0,0
1285,q622_ans4,622,1,0
1286,q623_ans1,623,0,0
1287,q623_ans2,623,0,0
1288,q623_ans3,623,1,0
1289,q623_ans4,623,0,0
1290,q624_ans1,624,0,0
1291,q624_ans2,624,0,0
1292,q624_ans3,624,0,0
1293,q624_ans4,624,1,0
1294,q625_ans1,625,0,0
1295,q625_ans2,625,1,0
1296,q625_ans3,625,0,0
1297,q625_ans4,625,0,0
1298,q626_ans1,626,1,0
1299,q626_ans2,626,0,0
1300,q626_ans3,626,0,0
1301,q627_ans1,627,0,0
1302,q627_ans2,627,0,0
1303,q627_ans3,627,0,0
1304,q627_ans4,627,1,0
1305,q628_ans1,628,0,0
1306,q628_ans2,628,0,0
1307,q628_ans3,628,1,0
1308,q629_ans1,629,1,0
1309,q629_ans2,629,0,0
1310,q629_ans3,629,0,0
1311,q629_ans4,629,0,0
1312,q630_ans1,630,0,0
1313,q630_ans2,630,0,0
1314,q630_ans3,630,1,0
1315,q630_ans4,630,0,0
1316,q631_ans1,631,0,0
1317,q631_ans2,631,0,0
1318,q631_ans3,631,1,0
1319,q631_ans4,631,0,0
1320,q632_ans1,632,0,0
1321,q632_ans2,632,1,0
1322,q632_ans3,632,0,0
1323,q632_ans4,632,0,0
1324,q633_ans1,633,0,0
1325,q633_ans2,633,0,0
1326,q633_ans3,633,1,0
1327,q633_ans4,633,0,0
1328,q634_ans1,634,0,0
1329,q634_ans2,634,0,0
1330,q634_ans3,634,1,0
1331,q634_ans4,634,0,0
1332,q635_ans1,635,0,0
1333,q635_ans2,635,0,0
1334,q635_ans3,635,0,0
1335,q635_ans4,635,1,0
1336,q636_ans1,636,1,0
1337,q636_ans2,636,0,0
1338,q636_ans3,636,0,0
1339,q636_ans4,636,0,0
1340,q637_ans1,637,1,0
1341,q637_ans2,637,0,0
1342,q637_ans3,637,0,0
1343,q637_ans4,637,0,0
1344,q638_ans1,638,0,0
1345,q638_ans2,638,1,0
1346,q638_ans3,638,0,0
1347,q639_ans1,639,0,0
1348,q639_ans2,639,0,0
1349,q639_ans3,639,0,0
1350,q639_ans4,639,1,0
1351,q640_ans1,640,0,0
1352,q640_ans2,640,1,0
1353,q640_ans3,640,0,0
1354,q640_ans4,640,0,0
1355,q641_ans1,641,0,0
1356,q641_ans2,641,1,0
1357,q641_ans3,641,0,0
1358,q641_ans4,641,0,0
1359,q642_ans1,642,1,0
1360,q642_ans2,642,0,0
1361,q642_ans3,642,0,0
1362,q642_ans4,642,0,0
1363,q643_ans1,643,0,0
1364,q643_ans2,643,0,0
1365,q643_ans3,643,0,0
1366,q643_ans4,643,1,0
1367,q644_ans1,644,1,0
1368,q644_ans2,644,0,0
1369,q644_ans3,644,0,0
1370,q644_ans4,644,0,0
1371,q645_ans1,645,0,0
1372,q645_ans2,645,0,0
1373,q645_ans3,645,1,0
1374,q645_ans4,645,0,0
1375,q646_ans1,646,0,0
1376,q646_ans2,646,0,0
1377,q646_ans3,646,1,0
1378,q646_ans4,646,0,0
1379,q647_ans1,647,0,0
1380,q647_ans2,647,0,0
1381,q647_ans3,647,1,0
1382,q647_ans4,647,0,0
1383,q648_ans1,648,0,0
1384,q648_ans2,648,0,0
1385,q648_ans3,648,0,0
1386,q648_ans4,648,1,0
1387,q649_ans1,649,0,0
1388,q649_ans2,649,1,0
1389,q649_ans3,649,0,0
1390,q649_ans4,649,0,0
1391,q650_ans1,650,0,1
1392,q650_ans2,650,0,1
1393,q650_ans3,650,0,1
1394,q650_ans4,650,1,1
1395,q651_ans1,651,0,0
1396,q651_ans2,651,0,0
1397,q651_ans3,651,1,0
1398,q651_ans4,651,0,0
1399,q652_ans1,652,0,0
1400,q652_ans2,652,0,0
1401,q652_ans3,652,0,0
1402,q652_ans4,652,1,0
1403,q653_ans1,653,0,0
1404,q653_ans2,653,0,0
1405,q653_ans3,653,0,0
1406,q653_ans4,653,1,0
1407,q654_ans1,654,0,0
1408,q654_ans2,654,0,0
1409,q654_ans3,654,1,0
1410,q654_ans4,654,0,0
1411,q655_ans1,655,1,0
1412,q655_ans2,655,0,0
1413,q655_ans3,655,0,0
1414,q655_ans4,655,0,0
1415,q656_ans1,656,0,0
1416,q656_ans2,656,0,0
1417,q656_ans3,656,0,0
1418,q656_ans4,656,0,0
1419,q656_ans5,656,1,0
1420,q657_ans1,657,0,0
1421,q657_ans2,657,1,0
1422,q657_ans3,657,0,0
1423,q657_ans4,657,0,0
1424,q658_ans1,658,1,0
1425,q658_ans2,658,0,0
1426,q658_ans3,658,0,0
1427,q659_ans1,659,0,0
1428,q659_ans2,659,1,0
1429,q659_ans3,659,0,0
1430,q659_ans4,659,0,0
1431,q660_ans1,660,0,0
1432,q660_ans2,660,0,0
1433,q660_ans3,660,0,0
1434,q660_ans4,660,0,0
1435,q660_ans5,660,1,0
1436,q661_ans1,661,0,0
1437,q661_ans2,661,0,0
1438,q661_ans3,661,1,0
1439,q661_ans4,661,0,0
1440,q662_ans1,662,0,0
1441,q662_ans2,662,0,0
1442,q662_ans3,662,1,0
1443,q662_ans4,662,0,0
1444,q663_ans1,663,1,0
1445,q663_ans2,663,0,0
1446,q663_ans3,663,0,0
1447,q663_ans4,663,0,0
1448,q664_ans1,664,0,0
1449,q664_ans2,664,0,0
1450,q664_ans3,664,0,0
1451,q664_ans4,664,1,0
1452,q665_ans1,665,1,0
1453,q665_ans2,665,0,0
1454,q665_ans3,665,0,0
1455,q666_ans1,666,0,0
1456,q666_ans2,666,0,0
1457,q666_ans3,666,0,0
1458,q666_ans4,666,1,0
1459,q667_ans1,667,1,0
1460,q667_ans2,667,0,0
1461,q667_ans3,667,0,0
1462,q667_ans4,667,0,0
1463,q668_ans1,668,1,0
1464,q668_ans2,668,0,0
1465,q668_ans3,668,0,0
1466,q668_ans4,668,0,0
1467,q669_ans1,669,0,0
1468,q669_ans2,669,0,0
1469,q669_ans3,669,1,0
1470,q669_ans4,669,0,0
1471,q670_ans1,670,0,0
1472,q670_ans2,670,1,0
1473,q670_ans3,670,0,0
1474,q670_ans4,670,0,0
1475,q671_ans1,671,1,0
1476,q671_ans2,671,0,0
1477,q671_ans3,671,0,0
1478,q671_ans4,671,0,0
1479,q672_ans1,672,0,0
1480,q672_ans2,672,1,0
1481,q672_ans3,672,0,0
1482,q672_ans4,672,0,0
1483,q673_ans1,673,1,0
1484,q673_ans2,673,0,0
1485,q673_ans3,673,0,0
1486,q673_ans4,673,0,0
1487,q674_ans1,674,1,0
1488,q674_ans2,674,0,0
1489,q674_ans3,674,0,0
1490,q675_ans1,675,0,0
1491,q675_ans2,675,0,0
1492,q675_ans3,675,0,0
1493,q675_ans4,675,0,0
1494,q675_ans5,675,1,0
1495,q676_ans1,676,1,0
1496,q676_ans2,676,0,0
1497,q676_ans3,676,0,0
1498,q676_ans4,676,0,0
1499,q677_ans1,677,1,0
1500,q677_ans2,677,0,0
1501,q677_ans3,677,0,0
1502,q678_ans1,678,1,0
1503,q678_ans2,678,0,0
1504,q678_ans3,678,0,0
1505,q678_ans4,678,0,0
1506,q679_ans1,679,0,0
1507,q679_ans2,679,0,0
1508,q679_ans3,679,0,0
1509,q679_ans4,679,1,0
1510,q680_ans1,680,1,0
1511,q680_ans2,680,0,0
1512,q680_ans3,680,0,0
1513,q680_ans4,680,0,0
1514,q681_ans1,681,0,0
1515,q681_ans2,681,0,0
1516,q681_ans3,681,0,0
1517,q681_ans4,681,1,0
1518,q682_ans1,682,0,0
1519,q682_ans2,682,1,0
1520,q682_ans3,682,0,0
1521,q682_ans4,682,0,0
1522,q683_ans1,683,1,0
1523,q683_ans2,683,0,0
1524,q683_ans3,683,0,0
1525,q683_ans4,683,0,0
1526,q684_ans1,684,0,0
1527,q684_ans2,684,0,0
1528,q684_ans3,684,0,0
1529,q684_ans4,684,1,0
1530,q685_ans1,685,0,0
1531,q685_ans2,685,1,0
1532,q685_ans3,685,0,0
1533,q686_ans1,686,0,0
1534,q686_ans2,686,1,0
1535,q686_ans3,686,0,0
1536,q687_ans1,687,0,0
1537,q687_ans2,687,0,0
1538,q687_ans3,687,0,0
1539,q687_ans4,687,1,0
1540,q688_ans1,688,0,0
1541,q688_ans2,688,0,0
1542,q688_ans3,688,0,0
1543,q688_ans4,688,1,0
1544,q689_ans1,689,1,1
1545,q689_ans2,689,0,1
1546,q689_ans3,689,0,1
1547,q690_ans1,690,0,0
1548,q690_ans2,690,0,0
1549,q690_ans3,690,1,0
1550,q690_ans4,690,0,0
1551,q691_ans1,691,0,0
1552,q691_ans2,691,0,0
1553,q691_ans3,691,1,0
1554,q691_ans4,691,0,0
1555,q692_ans1,692,0,0
1556,q692_ans2,692,0,0
1557,q692_ans3,692,1,0
1558,q693_ans1,693,0,0
1559,q693_ans2,693,1,0
1560,q693_ans3,693,0,0
1561,q694_ans1,694,0,0
1562,q694_ans2,694,0,0
1563,q694_ans3,694,1,0
1564,q695_ans1,695,0,0
1565,q695_ans2,695,1,0
1566,q695_ans3,695,0,0
1567,q696_ans1,696,0,0
1568,q696_ans2,696,0,0
1569,q696_ans3,696,0,0
1570,q696_ans4,696,0,0
1571,q696_ans5,696,1,0
1572,q697_ans1,697,0,0
1573,q697_ans2,697,0,0
1574,q697_ans3,697,1,0
1575,q697_ans4,697,0,0
1576,q698_ans1,698,0,0
1577,q698_ans2,698,1,0
1578,q698_ans3,698,0,0
1579,q698_ans4,698,0,0
1580,q699_ans1,699,0,0
1581,q699_ans2,699,0,0
1582,q699_ans3,699,1,0
1583,q699_ans4,699,0,0
1584,q700_ans1,700,0,0
1585,q700_ans2,700,0,0
1586,q700_ans3,700,1,0
1587,q700_ans4,700,0,0
1588,q701_ans1,701,0,0
1589,q701_ans2,701,1,0
1590,q701_ans3,701,0,0
1591,q701_ans4,701,0,0
1592,q702_ans1,702,1,0
1593,q702_ans2,702,0,0
1594,q702_ans3,702,0,0
1596,q703_ans1,703,0,0
1597,q703_ans2,703,0,0
1598,q703_ans3,703,0,0
1599,q703_ans4,703,0,0
1600,q703_ans5,703,1,0
1601,q704_ans1,704,1,0
1602,q704_ans2,704,0,0
1603,q704_ans3,704,0,0
1604,q705_ans1,705,1,0
1605,q705_ans2,705,0,0
1606,q705_ans3,705,0,0
1607,q705_ans4,705,0,0
1608,q706_ans1,706,0,0
1609,q706_ans2,706,0,0
1610,q706_ans3,706,0,0
1611,q706_ans4,706,1,0
1612,q707_ans1,707,1,0
1613,q707_ans2,707,0,0
1614,q707_ans3,707,0,0
1615,q708_ans1,708,0,1
1616,q708_ans2,708,0,1
1617,q708_ans3,708,1,1
1618,q709_ans1,709,0,0
1619,q709_ans2,709,0,0
1620,q709_ans3,709,0,0
1621,q709_ans4,709,1,0
1622,q710_ans1,710,1,0
1623,q710_ans2,710,0,0
1624,q710_ans3,710,0,0
1625,q710_ans4,710,0,0
1626,q711_ans1,711,0,0
1627,q711_ans2,711,1,0
1628,q711_ans3,711,0,0
1629,q711_ans4,711,0,0
1630,q712_ans1,712,1,0
1631,q712_ans2,712,0,0
1632,q712_ans3,712,0,0
1633,q713_ans1,713,0,0
1634,q713_ans2,713,0,0
1635,q713_ans3,713,1,0
1636,q713_ans4,713,0,0
1637,q714_ans1,714,0,0
1638,q714_ans2,714,1,0
1639,q714_ans3,714,0,0
1640,q714_ans4,714,0,0
1641,q715_ans1,715,1,0
1642,q715_ans2,715,0,0
1643,q715_ans3,715,0,0
1644,q715_ans4,715,0,0
1645,q716_ans1,716,0,0
1646,q716_ans2,716,0,0
1647,q716_ans3,716,0,0
1648,q716_ans4,716,0,0
1649,q716_ans5,716,1,0
1650,q717_ans1,717,1,0
1651,q717_ans2,717,0,0
1652,q717_ans3,717,0,0
1653,q717_ans4,717,0,0
1654,q718_ans1,718,0,0
1655,q718_ans2,718,0,0
1656,q718_ans3,718,1,0
1657,q719_ans1,719,0,0
1658,q719_ans2,719,1,0
1659,q719_ans3,719,0,0
1660,q719_ans4,719,0,0
1661,q720_ans1,720,0,0
1662,q720_ans2,720,1,0
1663,q720_ans3,720,0,0
1664,q720_ans4,720,0,0
1665,q721_ans1,721,0,0
1666,q721_ans2,721,1,0
1667,q721_ans3,721,0,0
1668,q721_ans4,721,0,0
1669,q722_ans1,722,0,0
1670,q722_ans2,722,0,0
1671,q722_ans3,722,0,0
1672,q722_ans4,722,1,0
1673,q723_ans1,723,0,0
1674,q723_ans2,723,1,0
1675,q723_ans3,723,0,0
1676,q723_ans4,723,0,0
1677,q724_ans1,724,0,0
1678,q724_ans2,724,0,0
1679,q724_ans3,724,0,0
1680,q724_ans4,724,1,0
1681,q725_ans1,725,0,0
1682,q725_ans2,725,1,0
1683,q725_ans3,725,0,0
1684,q726_ans1,726,0,0
1685,q726_ans2,726,0,0
1686,q726_ans3,726,0,0
1687,q726_ans4,726,1,0
1688,q727_ans1,727,0,0
1689,q727_ans2,727,0,0
1690,q727_ans3,727,1,0
1691,q727_ans4,727,0,0
1692,q728_ans1,728,1,0
1693,q728_ans2,728,0,0
1694,q728_ans3,728,0,0
1695,q729_ans1,729,0,0
1696,q729_ans2,729,0,0
1697,q729_ans3,729,0,0
1698,q729_ans4,729,1,0
1699,q730_ans1,730,0,0
1700,q730_ans2,730,0,0
1701,q730_ans3,730,0,0
1702,q730_ans4,730,1,0
1703,q731_ans1,731,0,0
1704,q731_ans2,731,0,0
1705,q731_ans3,731,0,0
1706,q731_ans4,731,1,0
1707,q732_ans1,732,0,0
1708,q732_ans2,732,0,0
1709,q732_ans3,732,1,0
1710,q732_ans4,732,0,0
1711,q733_ans1,733,1,0
1712,q733_ans2,733,0,0
1713,q733_ans3,733,0,0
1714,q734_ans1,734,1,0
1715,q734_ans2,734,0,0
1716,q734_ans3,734,0,0
1717,q735_ans1,735,1,0
1718,q735_ans2,735,0,0
1719,q735_ans3,735,0,0
1720,q735_ans4,735,0,0
1721,q736_ans1,736,0,0
1722,q736_ans2,736,0,0
1723,q736_ans3,736,0,0
1724,q736_ans4,736,1,0
1725,q737_ans1,737,0,0
1726,q737_ans2,737,0,0
1727,q737_ans3,737,0,0
1728,q737_ans4,737,0,0
1729,q737_ans5,737,1,0
1730,q738_ans1,738,0,0
1731,q738_ans2,738,0,0
1732,q738_ans3,738,0,0
1733,q738_ans4,738,0,0
1734,q738_ans5,738,1,0
1735,q739_ans1,739,0,0
1736,q739_ans2,739,0,0
1737,q739_ans3,739,1,0
1738,q739_ans4,739,0,0
1739,q740_ans1,740,0,0
1740,q740_ans2,740,0,0
1741,q740_ans3,740,0,0
1742,q740_ans4,740,0,0
1743,q740_ans5,740,1,0
1744,q741_ans1,741,0,0
1745,q741_ans2,741,0,0
1746,q741_ans3,741,1,0
1747,q741_ans4,741,0,0
1748,q742_ans1,742,0,0
1749,q742_ans2,742,0,0
1750,q742_ans3,742,0,0
1751,q742_ans4,742,1,0
1752,q743_ans1,743,0,0
1753,q743_ans2,743,1,0
1754,q743_ans3,743,0,0
1755,q744_ans1,744,0,0
1756,q744_ans2,744,0,0
1757,q744_ans3,744,0,0
1758,q744_ans4,744,1,0
1759,q744_ans5,744,0,0
1760,q745_ans1,745,0,0
1761,q745_ans2,745,0,0
1762,q745_ans3,745,0,0
1763,q745_ans4,745,0,0
1764,q745_ans5,745,1,0
1765,q746_ans1,746,1,0
1766,q746_ans2,746,0,0
1767,q746_ans3,746,0,0
1768,q746_ans4,746,0,0
1769,q747_ans1,747,0,0
1770,q747_ans2,747,1,0
1771,q747_ans3,747,0,0
1772,q748_ans1,748,0,0
1773,q748_ans2,748,0,0
1774,q748_ans3,748,0,0
1775,q748_ans4,748,1,0
1776,q749_ans1,749,1,0
1777,q749_ans2,749,0,0
1778,q749_ans3,749,0,0
1779,q749_ans4,749,0,0
1780,q750_ans1,750,0,0
1781,q750_ans2,750,1,0
1782,q750_ans3,750,0,0
1783,q750_ans4,750,0,0
1784,q751_ans1,751,0,0
1785,q751_ans2,751,0,0
1786,q751_ans3,751,0,0
1787,q751_ans4,751,1,0
1788,q752_ans1,752,0,0
1789,q752_ans2,752,0,0
1790,q752_ans3,752,1,0
1791,q752_ans4,752,0,0
1792,q753_ans1,753,1,0
1793,q753_ans2,753,0,0
1794,q753_ans3,753,0,0
1795,q754_ans1,754,0,0
1796,q754_ans2,754,0,0
1797,q754_ans3,754,0,0
1798,q754_ans4,754,0,0
1799,q754_ans5,754,1,0
1800,q755_ans1,755,0,0
1801,q755_ans2,755,0,0
1802,q755_ans3,755,0,0
1803,q755_ans4,755,1,0
1804,q756_ans1,756,0,0
1805,q756_ans2,756,0,0
1806,q756_ans3,756,1,0
1807,q756_ans4,756,0,0
1808,q757_ans1,757,0,0
1809,q757_ans2,757,0,0
1810,q757_ans3,757,0,0
1811,q757_ans4,757,0,0
1812,q757_ans5,757,1,0
1813,q758_ans1,758,0,0
1814,q758_ans2,758,0,0
1815,q758_ans3,758,1,0
1816,q758_ans4,758,0,0
1817,q759_ans1,759,0,0
1818,q759_ans2,759,0,0
1819,q759_ans3,759,0,0
1820,q759_ans4,759,0,0
1821,q759_ans5,759,1,0
1822,q760_ans1,760,1,0
1823,q760_ans2,760,0,0
1824,q760_ans3,760,0,0
1825,q760_ans4,760,0,0
1826,q761_ans1,761,0,0
1827,q761_ans2,761,0,0
1828,q761_ans3,761,1,0
1829,q761_ans4,761,0,0
1830,q762_ans1,762,0,0
1831,q762_ans2,762,0,0
1832,q762_ans3,762,0,0
1833,q762_ans4,762,1,0
1834,q763_ans1,763,1,0
1835,q763_ans2,763,0,0
1836,q763_ans3,763,0,0
1837,q763_ans4,763,0,0
1838,q764_ans1,764,0,0
1839,q764_ans2,764,0,0
1840,q764_ans3,764,0,0
1841,q764_ans4,764,0,0
1842,q764_ans5,764,1,0
1843,q765_ans1,765,0,0
1844,q765_ans2,765,0,0
1845,q765_ans3,765,1,0
1846,q765_ans4,765,0,0
1847,q766_ans1,766,0,0
1848,q766_ans2,766,0,0
1849,q766_ans3,766,1,0
1850,q766_ans4,766,0,0
1851,q767_ans1,767,0,0
1852,q767_ans2,767,0,0
1853,q767_ans3,767,0,0
1854,q767_ans4,767,0,0
1855,q767_ans5,767,1,0
1856,q768_ans1,768,0,0
1857,q768_ans2,768,1,0
1858,q768_ans3,768,0,0
1859,q768_ans4,768,0,0
1860,q769_ans1,769,0,0
1861,q769_ans2,769,0,0
1862,q769_ans3,769,0,0
1863,q769_ans4,769,0,0
1864,q769_ans5,769,1,0
1865,q770_ans1,770,0,0
1866,q770_ans2,770,0,0
1867,q770_ans3,770,0,0
1868,q770_ans4,770,1,0
1869,q771_ans1,771,0,0
1870,q771_ans2,771,1,0
1871,q771_ans3,771,0,0
1872,q771_ans4,771,0,0
1873,q772_ans1,772,1,0
1874,q772_ans2,772,0,0
1875,q772_ans3,772,0,0
1876,q772_ans4,772,0,0
1877,q773_ans1,773,0,0
1878,q773_ans2,773,0,0
1879,q773_ans3,773,1,0
1880,q774_ans1,774,0,0
1881,q774_ans2,774,0,0
1882,q774_ans3,774,0,0
1883,q774_ans4,774,1,0
1884,q775_ans1,775,1,0
1885,q775_ans2,775,0,0
1886,q775_ans3,775,0,0
1887,q775_ans4,775,0,0
1888,q775_ans5,775,0,0
1889,q776_ans1,776,0,0
1890,q776_ans2,776,1,0
1891,q776_ans3,776,0,0
1892,q776_ans4,776,0,0
1893,q777_ans1,777,1,0
1894,q777_ans2,777,0,0
1895,q777_ans3,777,0,0
1896,q777_ans4,777,0,0
1897,q778_ans1,778,1,0
1898,q778_ans2,778,0,0
1899,q778_ans3,778,0,0
1900,q778_ans4,778,0,0
1901,q779_ans1,779,0,0
1902,q779_ans2,779,0,0
1903,q779_ans3,779,0,0
1904,q779_ans4,779,0,0
1905,q779_ans5,779,1,0
1906,q780_ans1,780,0,0
1907,q780_ans2,780,1,0
1908,q780_ans3,780,0,0
1909,q781_ans1,781,0,0
1910,q781_ans2,781,0,0
1911,q781_ans3,781,0,0
1912,q781_ans4,781,0,0
1913,q781_ans5,781,1,0
1914,q782_ans1,782,1,0
1915,q782_ans2,782,0,0
1916,q782_ans3,782,0,0
1917,q782_ans4,782,0,0
1918,q783_ans1,783,0,0
1919,q783_ans2,783,0,0
1920,q783_ans3,783,0,0
1921,q783_ans4,783,0,0
1922,q783_ans5,783,1,0
1923,q784_ans1,784,0,1
1924,q784_ans2,784,1,1
1925,q784_ans3,784,0,1
1926,q785_ans1,785,0,0
1927,q785_ans2,785,0,0
1928,q785_ans3,785,0,0
1929,q785_ans4,785,0,0
1930,q785_ans5,785,1,0
1931,q786_ans1,786,1,0
1932,q786_ans2,786,0,0
1933,q786_ans3,786,0,0
1934,q787_ans1,787,0,0
1935,q787_ans2,787,0,0
1936,q787_ans3,787,0,0
1937,q787_ans4,787,0,0
1938,q787_ans5,787,1,0
1939,q788_ans1,788,0,0
1940,q788_ans2,788,0,0
1941,q788_ans3,788,0,0
1942,q788_ans4,788,1,0
1943,q789_ans1,789,0,0
1944,q789_ans2,789,0,0
1945,q789_ans3,789,0,0
1946,q789_ans4,789,1,0
1947,q790_ans1,790,0,0
1948,q790_ans2,790,1,0
1949,q790_ans3,790,0,0
1950,q790_ans4,790,0,0
1951,q791_ans1,791,1,0
1952,q791_ans2,791,0,0
1953,q791_ans3,791,0,0
1956,q792_ans1,792,0,0
1957,q792_ans2,792,1,0
1958,q792_ans3,792,0,0
1959,q793_ans1,793,0,0
1960,q793_ans2,793,0,0
1961,q793_ans3,793,0,0
1962,q793_ans4,793,0,0
1963,q793_ans5,793,1,0
1964,q794_ans1,794,1,0
1965,q794_ans2,794,0,0
1966,q794_ans3,794,0,0
1967,q794_ans4,794,0,0
1968,q795_ans1,795,0,0
1969,q795_ans2,795,0,0
1970,q795_ans3,795,0,0
1971,q795_ans4,795,1,0
1972,q796_ans1,796,0,0
1973,q796_ans2,796,0,0
1974,q796_ans3,796,0,0
1975,q796_ans4,796,0,0
1976,q796_ans5,796,1,0
1977,q797_ans1,797,0,0
1978,q797_ans2,797,0,0
1979,q797_ans3,797,1,0
1980,q797_ans4,797,0,0
1981,q798_ans1,798,0,0
1982,q798_ans2,798,1,0
1983,q798_ans3,798,0,0
1984,q799_ans1,799,0,0
1985,q799_ans2,799,1,0
1986,q799_ans3,799,0,0
1987,q799_ans4,799,0,0
1988,q800_ans1,800,0,0
1989,q800_ans2,800,0,0
1990,q800_ans3,800,0,0
1991,q800_ans4,800,1,0
1992,q801_ans1,801,0,0
1993,q801_ans2,801,1,0
1994,q801_ans3,801,0,0
1995,q801_ans4,801,0,0
1996,q802_ans1,802,1,0
1997,q802_ans2,802,0,0
1998,q802_ans3,802,0,0
1999,q802_ans4,802,0,0
2000,q803_ans1,803,0,0
2001,q803_ans2,803,0,0
2002,q803_ans3,803,1,0
2003,q803_ans4,803,0,0
2004,q804_ans1,804,0,0
2005,q804_ans2,804,0,0
2006,q804_ans3,804,1,0
2007,q804_ans4,804,0,0
2008,q805_ans1,805,0,0
2009,q805_ans2,805,1,0
2010,q805_ans3,805,0,0
2011,q806_ans1,806,1,0
2012,q806_ans2,806,0,0
2013,q806_ans3,806,0,0
2014,q807_ans1,807,0,0
2015,q807_ans2,807,0,0
2016,q807_ans3,807,0,0
2017,q807_ans4,807,1,0
2018,q808_ans1,808,0,0
2019,q808_ans2,808,0,0
2020,q808_ans3,808,1,0
2021,q809_ans1,809,0,0
2022,q809_ans2,809,0,0
2023,q809_ans3,809,0,0
2024,q809_ans4,809,0,0
2025,q809_ans5,809,1,0
2026,q810_ans1,810,0,0
2027,q810_ans2,810,0,0
2028,q810_ans3,810,0,0
2029,q810_ans4,810,0,0
2030,q810_ans5,810,1,0
2031,q811_ans1,811,0,0
2032,q811_ans2,811,1,0
2033,q811_ans3,811,0,0
2034,q811_ans4,811,0,0
2035,q812_ans1,812,1,0
2036,q812_ans2,812,0,0
2037,q812_ans3,812,0,0
2038,q812_ans4,812,0,0
2039,q813_ans1,813,1,0
2040,q813_ans2,813,0,0
2041,q813_ans3,813,0,0
2042,q813_ans4,813,0,0
2043,q814_ans1,814,0,0
2044,q814_ans2,814,0,0
2045,q814_ans3,814,0,0
2046,q814_ans4,814,0,0
2047,q814_ans5,814,1,0
2048,q815_ans1,815,0,0
2049,q815_ans2,815,1,0
2050,q815_ans3,815,0,0
2051,q815_ans4,815,0,0
2052,q816_ans1,816,0,0
2053,q816_ans2,816,1,0
2054,q816_ans3,816,0,0
2055,q817_ans1,817,1,0
2056,q817_ans2,817,0,0
2057,q817_ans3,817,0,0
2058,q817_ans4,817,0,0
2059,q818_ans1,818,1,0
2060,q818_ans2,818,0,0
2061,q818_ans3,818,0,0
2062,q818_ans4,818,0,0
2063,q819_ans1,819,1,0
2064,q819_ans2,819,0,0
2065,q819_ans3,819,0,0
2066,q819_ans4,819,0,0
2067,q820_ans1,820,0,0
2068,q820_ans2,820,1,0
2069,q820_ans3,820,0,0
2070,q820_ans4,820,0,0
2071,q821_ans1,821,1,0
2072,q821_ans2,821,0,0
2073,q821_ans3,821,0,0
2074,q822_ans1,822,1,0
2075,q822_ans2,822,0,0
2076,q822_ans3,822,0,0
2077,q822_ans4,822,0,0
2078,q823_ans1,823,1,0
2079,q823_ans2,823,0,0
2080,q823_ans3,823,0,0
2081,q824_ans1,824,0,0
2082,q824_ans2,824,1,0
2083,q824_ans3,824,0,0
2084,q824_ans4,824,0,0
2085,q825_ans1,825,0,0
2086,q825_ans2,825,1,0
2087,q825_ans3,825,0,0
2088,q825_ans4,825,0,0
2089,q826_ans1,826,0,0
2090,q826_ans2,826,0,0
2091,q826_ans3,826,0,0
2092,q826_ans4,826,0,0
2093,q826_ans5,826,1,0
2094,q827_ans1,827,0,0
2095,q827_ans2,827,1,0
2096,q827_ans3,827,0,0
2097,q828_ans1,828,1,0
2098,q828_ans2,828,0,0
2099,q828_ans3,828,0,0
2100,q828_ans4,828,0,0
2101,q829_ans1,829,0,0
2102,q829_ans2,829,0,0
2103,q829_ans3,829,0,0
2104,q829_ans4,829,0,0
2105,q829_ans5,829,1,0
2106,q830_ans1,830,0,0
2107,q830_ans2,830,0,0
2108,q830_ans3,830,1,0
2109,q830_ans4,830,0,0
2110,q831_ans1,831,0,0
2111,q831_ans2,831,0,0
2112,q831_ans3,831,0,0
2113,q831_ans4,831,1,0
2114,q832_ans1,832,0,0
2115,q832_ans2,832,0,0
2116,q832_ans3,832,0,0
2117,q832_ans4,832,0,0
2118,q832_ans5,832,1,0
2119,q833_ans1,833,0,0
2120,q833_ans2,833,0,0
2121,q833_ans3,833,0,0
2122,q833_ans4,833,0,0
2123,q833_ans5,833,1,0
2124,q834_ans1,834,0,0
2125,q834_ans2,834,0,0
2126,q834_ans3,834,0,0
2127,q834_ans4,834,0,0
2128,q834_ans5,834,1,0
2129,q835_ans1,835,1,0
2130,q835_ans2,835,0,0
2131,q835_ans3,835,0,0
2132,q835_ans4,835,0,0
2133,q836_ans1,836,0,0
2134,q836_ans2,836,0,0
2135,q836_ans3,836,1,0
2136,q837_ans1,837,0,0
2137,q837_ans2,837,0,0
2138,q837_ans3,837,0,0
2139,q837_ans4,837,1,0
2140,q838_ans1,838,0,0
2141,q838_ans2,838,1,0
2142,q838_ans3,838,0,0
2143,q838_ans4,838,0,0
2144,q839_ans1,839,0,0
2145,q839_ans2,839,0,0
2146,q839_ans3,839,1,0
2147,q839_ans4,839,0,0
2148,q840_ans1,840,1,0
2149,q840_ans2,840,0,0
2150,q840_ans3,840,0,0
2151,q841_ans1,841,1,0
2152,q841_ans2,841,0,0
2153,q841_ans3,841,0,0
2154,q842_ans1,842,0,0
2155,q842_ans2,842,1,0
2156,q842_ans3,842,0,0
2157,q842_ans4,842,0,0
2158,q843_ans1,843,0,0
2159,q843_ans2,843,0,0
2160,q843_ans3,843,0,0
2161,q843_ans4,843,0,0
2162,q843_ans5,843,1,0
2163,q844_ans1,844,1,0
2164,q844_ans2,844,0,0
2165,q844_ans3,844,0,0
2166,q844_ans4,844,0,0
2167,q845_ans1,845,1,0
2168,q845_ans2,845,0,0
2169,q845_ans3,845,0,0
2170,q845_ans4,845,0,0
2171,q846_ans1,846,0,0
2172,q846_ans2,846,1,0
2173,q846_ans3,846,0,0
2174,q847_ans1,847,0,0
2175,q847_ans2,847,1,0
2176,q847_ans3,847,0,0
2177,q847_ans4,847,0,0
2178,q848_ans1,848,0,0
2179,q848_ans2,848,0,0
2180,q848_ans3,848,1,0
2181,q848_ans4,848,0,0
2182,q849_ans1,849,0,0
2183,q849_ans2,849,0,0
2184,q849_ans3,849,0,0
2185,q849_ans4,849,0,0
2186,q849_ans5,849,1,0
2187,q850_ans1,850,1,0
2188,q850_ans2,850,0,0
2189,q850_ans3,850,0,0
2190,q851_ans1,851,0,0
2191,q851_ans2,851,0,0
2192,q851_ans3,851,1,0
2193,q852_ans1,852,0,0
2194,q852_ans2,852,0,0
2195,q852_ans3,852,0,0
2196,q852_ans4,852,1,0
2197,q853_ans1,853,1,0
2198,q853_ans2,853,0,0
2199,q853_ans3,853,0,0
2200,q853_ans4,853,0,0
2201,q854_ans1,854,0,0
2202,q854_ans2,854,0,0
2203,q854_ans3,854,0,0
2204,q854_ans4,854,1,0
2205,q855_ans1,855,0,0
2206,q855_ans2,855,0,0
2207,q855_ans3,855,0,0
2208,q855_ans4,855,1,0
2209,q856_ans1,856,1,0
2210,q856_ans2,856,0,0
2211,q856_ans3,856,0,0
2212,q856_ans4,856,0,0
2213,q857_ans1,857,0,0
2214,q857_ans2,857,1,0
2215,q857_ans3,857,0,0
2216,q858_ans1,858,0,0
2217,q858_ans2,858,1,0
2218,q858_ans3,858,0,0
2219,q858_ans4,858,0,0
2220,q859_ans1,859,0,0
2221,q859_ans2,859,0,0
2222,q859_ans3,859,0,0
2223,q859_ans4,859,0,0
2224,q859_ans5,859,1,0
2225,q860_ans1,860,1,0
2226,q860_ans2,860,0,0
2227,q860_ans3,860,0,0
2228,q860_ans4,860,0,0
2229,q861_ans1,861,0,0
2230,q861_ans2,861,0,0
2231,q861_ans3,861,0,0
2232,q861_ans4,861,0,0
2233,q861_ans5,861,1,0
2234,q862_ans1,862,1,0
2235,q862_ans2,862,0,0
2236,q862_ans3,862,0,0
2237,q862_ans4,862,0,0
2238,q863_ans1,863,0,0
2239,q863_ans2,863,0,0
2240,q863_ans3,863,0,0
2241,q863_ans4,863,1,0
2242,q864_ans1,864,0,0
2243,q864_ans2,864,0,0
2244,q864_ans3,864,0,0
2245,q864_ans4,864,1,0
2246,q865_ans1,865,1,0
2247,q865_ans2,865,0,0
2248,q865_ans3,865,0,0
2249,q865_ans4,865,0,0
2250,q866_ans1,866,0,0
2251,q866_ans2,866,0,0
2252,q866_ans3,866,0,0
2253,q866_ans4,866,0,0
2254,q866_ans5,866,1,0
2255,q867_ans1,867,0,0
2256,q867_ans2,867,1,0
2257,q867_ans3,867,0,0
2258,q867_ans4,867,0,0
2259,q868_ans1,868,1,0
2260,q868_ans2,868,0,0
2261,q868_ans3,868,0,0
2262,q868_ans4,868,0,0
2263,q869_ans1,869,1,0
2264,q869_ans2,869,0,0
2265,q869_ans3,869,0,0
2266,q869_ans4,869,0,0
2267,q870_ans1,870,0,0
2268,q870_ans2,870,1,0
2269,q870_ans3,870,0,0
2270,q870_ans4,870,0,0
2271,q871_ans1,871,1,0
2272,q871_ans2,871,0,0
2273,q871_ans3,871,0,0
2274,q872_ans1,872,1,0
2275,q872_ans2,872,0,0
2276,q872_ans3,872,0,0
2277,q872_ans4,872,0,0
2278,q873_ans1,873,0,0
2279,q873_ans2,873,1,0
2280,q873_ans3,873,0,0
2281,q874_ans1,874,0,0
2282,q874_ans2,874,0,0
2283,q874_ans3,874,0,0
2284,q874_ans4,874,0,0
2285,q874_ans5,874,1,0
2286,q875_ans1,875,0,0
2287,q875_ans2,875,0,0
2288,q875_ans3,875,0,0
2289,q875_ans4,875,1,0
2290,q876_ans1,876,1,0
2291,q876_ans2,876,0,0
2292,q876_ans3,876,0,0
2293,q876_ans4,876,0,0
2294,q877_ans1,877,0,0
2295,q877_ans2,877,0,0
2296,q877_ans3,877,0,0
2297,q877_ans4,877,1,0
2298,q878_ans1,878,0,0
2299,q878_ans2,878,1,0
2300,q878_ans3,878,0,0
2301,q878_ans4,878,0,0
2302,q879_ans1,879,0,0
2303,q879_ans2,879,0,0
2304,q879_ans3,879,0,0
2305,q879_ans4,879,1,0
2306,q880_ans1,880,0,0
2307,q880_ans2,880,1,0
2308,q880_ans3,880,0,0
2309,q881_ans1,881,0,0
2310,q881_ans2,881,0,0
2311,q881_ans3,881,0,0
2312,q881_ans4,881,0,0
2313,q881_ans5,881,1,0
2314,q882_ans1,882,0,0
2315,q882_ans2,882,0,0
2316,q882_ans3,882,1,0
2317,q882_ans4,882,0,0
2318,q883_ans1,883,0,0
2319,q883_ans2,883,1,0
2320,q883_ans3,883,0,0
2321,q884_ans1,884,1,0
2322,q884_ans2,884,0,0
2323,q884_ans3,884,0,0
2324,q884_ans4,884,0,0
2325,q885_ans1,885,0,0
2326,q885_ans2,885,0,0
2327,q885_ans3,885,1,0
2328,q885_ans4,885,0,0
2329,q886_ans1,886,0,0
2330,q886_ans2,886,0,0
2331,q886_ans3,886,0,0
2332,q886_ans4,886,0,0
2333,q886_ans5,886,1,0
2334,q887_ans1,887,0,0
2335,q887_ans2,887,1,0
2336,q887_ans3,887,0,0
2337,q887_ans4,887,0,0
2338,q888_ans1,888,1,1
2339,q888_ans2,888,0,1
2340,q888_ans3,888,0,1
2341,q888_ans4,888,0,1
2342,q889_ans1,889,1,0
2343,q889_ans2,889,0,0
2344,q889_ans3,889,0,0
2345,q889_ans4,889,0,0
2346,q890_ans1,890,0,0
2347,q890_ans2,890,0,0
2348,q890_ans3,890,0,0
2349,q890_ans4,890,0,0
2350,q890_ans5,890,1,0
2351,q891_ans1,891,1,0
2352,q891_ans2,891,0,0
2353,q891_ans3,891,0,0
2354,q891_ans4,891,0,0
2355,q892_ans1,892,0,0
2356,q892_ans2,892,0,0
2357,q892_ans3,892,0,0
2358,q892_ans4,892,1,0
2359,q893_ans1,893,1,0
2360,q893_ans2,893,0,0
2361,q893_ans3,893,0,0
2362,q893_ans4,893,0,0
2363,q894_ans1,894,0,0
2364,q894_ans2,894,0,0
2365,q894_ans3,894,0,0
2366,q894_ans4,894,0,0
2367,q894_ans5,894,1,0
2368,q895_ans1,895,0,0
2369,q895_ans2,895,0,0
2370,q895_ans3,895,0,0
2371,q895_ans4,895,1,0
2372,q896_ans1,896,1,0
2373,q896_ans2,896,0,0
2374,q896_ans3,896,0,0
2375,q896_ans4,896,0,0
2376,q897_ans1,897,0,0
2377,q897_ans2,897,0,0
2378,q897_ans3,897,0,0
2379,q897_ans4,897,0,0
2380,q897_ans5,897,1,0
2381,q898_ans1,898,0,0
2382,q898_ans2,898,0,0
2383,q898_ans3,898,0,0
2384,q898_ans4,898,0,0
2385,q898_ans5,898,1,0
2386,q899_ans1,899,0,0
2387,q899_ans2,899,0,0
2388,q899_ans3,899,0,0
2389,q899_ans4,899,1,0
2390,q900_ans1,900,1,1
2391,q900_ans2,900,0,1
2392,q900_ans3,900,0,1
2393,q900_ans4,900,0,1
2394,q901_ans1,901,0,0
2395,q901_ans2,901,1,0
2396,q901_ans3,901,0,0
2397,q902_ans1,902,0,0
2398,q902_ans2,902,1,0
2399,q902_ans3,902,0,0
2400,q902_ans4,902,0,0
2401,q903_ans1,903,0,0
2402,q903_ans2,903,0,0
2403,q903_ans3,903,0,0
2404,q903_ans4,903,1,0
2405,q904_ans1,904,0,0
2406,q904_ans2,904,0,0
2407,q904_ans3,904,0,0
2408,q904_ans4,904,0,0
2409,q904_ans5,904,1,0
2410,q905_ans1,905,0,0
2411,q905_ans2,905,0,0
2412,q905_ans3,905,0,0
2413,q905_ans4,905,1,0
2414,q906_ans1,906,0,0
2415,q906_ans2,906,0,0
2416,q906_ans3,906,0,0
2417,q906_ans4,906,0,0
2418,q906_ans5,906,1,0
2419,q907_ans1,907,1,0
2420,q907_ans2,907,0,0
2421,q907_ans3,907,0,0
2422,q908_ans1,908,0,0
2423,q908_ans2,908,0,0
2424,q908_ans3,908,1,0
2425,q908_ans4,908,0,0
2426,q909_ans1,909,0,0
2427,q909_ans2,909,0,0
2428,q909_ans3,909,1,0
2429,q909_ans4,909,0,0
2430,q910_ans1,910,0,0
2431,q910_ans2,910,0,0
2432,q910_ans3,910,0,0
2433,q910_ans4,910,0,0
2434,q910_ans5,910,1,0
2435,q911_ans1,911,1,0
2436,q911_ans2,911,0,0
2437,q911_ans3,911,0,0
2438,q911_ans4,911,0,0
2439,q912_ans1,912,0,0
2440,q912_ans2,912,1,0
2441,q912_ans3,912,0,0
2442,q912_ans4,912,0,0
2443,q913_ans1,913,0,0
2444,q913_ans2,913,0,0
2445,q913_ans3,913,1,0
2446,q913_ans4,913,0,0
2447,q914_ans1,914,0,0
2448,q914_ans2,914,1,0
2449,q914_ans3,914,0,0
2450,q914_ans4,914,0,0
2451,q915_ans1,915,1,1
2452,q915_ans2,915,0,1
2453,q915_ans3,915,0,1
2454,q916_ans1,916,1,0
2455,q916_ans2,916,0,0
2456,q916_ans3,916,0,0
2457,q916_ans4,916,0,0
2458,q917_ans1,917,0,0
2459,q917_ans2,917,0,0
2460,q917_ans3,917,0,0
2461,q917_ans4,917,0,0
2462,q917_ans5,917,1,0
2463,q918_ans1,918,0,0
2464,q918_ans2,918,0,0
2465,q918_ans3,918,0,0
2466,q918_ans4,918,0,0
2467,q918_ans5,918,1,0
2468,q919_ans1,919,0,0
2469,q919_ans2,919,0,0
2470,q919_ans3,919,0,0
2471,q919_ans4,919,1,0
2472,q920_ans1,920,1,0
2473,q920_ans2,920,0,0
2474,q920_ans3,920,0,0
2475,q920_ans4,920,0,0
2476,q921_ans1,921,0,0
2477,q921_ans2,921,1,0
2478,q921_ans3,921,0,0
2479,q921_ans4,921,0,0
2480,q922_ans1,922,1,0
2481,q922_ans2,922,0,0
2482,q922_ans3,922,0,0
2483,q923_ans1,923,0,0
2484,q923_ans2,923,0,0
2485,q923_ans3,923,0,0
2486,q923_ans4,923,1,0
2487,q924_ans1,924,1,0
2488,q924_ans2,924,0,0
2489,q924_ans3,924,0,0
2490,q924_ans4,924,0,0
2491,q925_ans1,925,0,1
2492,q925_ans2,925,1,1
2493,q925_ans3,925,0,1
2494,q925_ans4,925,0,1
2495,q926_ans1,926,0,0
2496,q926_ans2,926,0,0
2497,q926_ans3,926,1,0
2498,q926_ans4,926,0,0
2499,q927_ans1,927,1,0
2500,q927_ans2,927,0,0
2501,q927_ans3,927,0,0
2502,q927_ans4,927,0,0
2503,q928_ans1,928,0,0
2504,q928_ans2,928,0,0
2505,q928_ans3,928,0,0
2506,q928_ans4,928,0,0
2507,q928_ans5,928,1,0
2508,q929_ans1,929,1,0
2509,q929_ans2,929,0,0
2510,q929_ans3,929,0,0
2511,q929_ans4,929,0,0
2512,q930_ans1,930,0,0
2513,q930_ans2,930,0,0
2514,q930_ans3,930,0,0
2515,q930_ans4,930,0,0
2516,q930_ans5,930,1,0
2517,q931_ans1,931,0,0
2518,q931_ans2,931,0,0
2519,q931_ans3,931,0,0
2520,q931_ans4,931,1,0
2521,q932_ans1,932,0,0
2522,q932_ans2,932,0,0
2523,q932_ans3,932,1,0
2524,q932_ans4,932,0,0
2525,q933_ans1,933,1,0
2526,q933_ans2,933,0,0
2527,q933_ans3,933,0,0
2528,q933_ans4,933,0,0
2529,q934_ans1,934,1,0
2530,q934_ans2,934,0,0
2531,q934_ans3,934,0,0
2532,q934_ans4,934,0,0
2533,q935_ans1,935,0,0
2534,q935_ans2,935,0,0
2535,q935_ans3,935,0,0
2536,q935_ans4,935,1,0
2537,q936_ans1,936,0,0
2538,q936_ans2,936,0,0
2539,q936_ans3,936,0,0
2540,q936_ans4,936,0,0
2541,q936_ans5,936,1,0
2542,q937_ans1,937,0,0
2543,q937_ans2,937,0,0
2544,q937_ans3,937,0,0
2545,q937_ans4,937,1,0
2546,q938_ans1,938,1,0
2547,q938_ans2,938,0,0
2548,q938_ans3,938,0,0
2549,q938_ans4,938,0,0
2550,q939_ans1,939,1,0
2551,q939_ans2,939,0,0
2552,q939_ans3,939,0,0
2553,q940_ans1,940,0,1
2554,q940_ans2,940,0,1
2555,q940_ans3,940,0,1
2556,q940_ans4,940,1,1
2557,q941_ans1,941,0,0
2558,q941_ans2,941,0,0
2559,q941_ans3,941,0,0
2560,q941_ans4,941,1,0
2561,q942_ans1,942,0,0
2562,q942_ans2,942,0,0
2563,q942_ans3,942,0,0
2564,q942_ans4,942,0,0
2565,q942_ans5,942,1,0
2566,q943_ans1,943,1,0
2567,q943_ans2,943,0,0
2568,q943_ans3,943,0,0
2569,q943_ans4,943,0,0
2570,q944_ans1,944,0,0
2571,q944_ans2,944,0,0
2572,q944_ans3,944,1,0
2573,q945_ans1,945,0,0
2574,q945_ans2,945,1,0
2575,q945_ans3,945,0,0
2576,q945_ans4,945,0,0
2577,q946_ans1,946,0,0
2578,q946_ans2,946,1,0
2579,q946_ans3,946,0,0
2580,q946_ans4,946,0,0
2581,q947_ans1,947,0,0
2582,q947_ans2,947,1,0
2583,q947_ans3,947,0,0
2584,q947_ans4,947,0,0
2585,q948_ans1,948,1,0
2586,q948_ans2,948,0,0
2587,q948_ans3,948,0,0
2588,q948_ans4,948,0,0
2589,q949_ans1,949,0,0
2590,q949_ans2,949,1,0
2591,q949_ans3,949,0,0
2592,q949_ans4,949,0,0
2593,q950_ans1,950,0,0
2594,q950_ans2,950,0,0
2595,q950_ans3,950,0,0
2596,q950_ans4,950,1,0
2597,q951_ans1,951,1,0
2598,q951_ans2,951,0,0
2599,q951_ans3,951,0,0
2600,q952_ans1,952,1,0
2601,q952_ans2,952,0,0
2602,q952_ans3,952,0,0
2603,q952_ans4,952,0,0
2604,q952_ans5,952,0,0
2605,q953_ans1,953,1,0
2606,q953_ans2,953,0,0
2607,q953_ans3,953,0,0
2608,q953_ans4,953,0,0
2609,q954_ans1,954,0,0
2610,q954_ans2,954,1,0
2611,q954_ans3,954,0,0
2612,q955_ans1,955,0,1
2613,q955_ans2,955,1,1
2614,q955_ans3,955,0,1
2615,q955_ans4,955,0,1
2616,q956_ans1,956,0,0
2617,q956_ans2,956,0,0
2618,q956_ans3,956,0,0
2619,q956_ans4,956,0,0
2620,q956_ans5,956,1,0
2621,q957_ans1,957,0,0
2622,q957_ans2,957,0,0
2623,q957_ans3,957,0,0
2624,q957_ans4,957,1,0
2625,q958_ans1,958,0,0
2626,q958_ans2,958,0,0
2627,q958_ans3,958,0,0
2628,q958_ans4,958,1,0
2629,q958_ans5,958,0,0
2630,q959_ans1,959,0,0
2631,q959_ans2,959,1,0
2632,q959_ans3,959,0,0
2633,q959_ans4,959,0,0
2634,q960_ans1,960,1,0
2635,q960_ans2,960,0,0
2636,q960_ans3,960,0,0
2637,q961_ans1,961,1,0
2638,q961_ans2,961,0,0
2639,q961_ans3,961,0,0
2640,q961_ans4,961,0,0
2641,q962_ans1,962,0,0
2642,q962_ans2,962,1,0
2643,q962_ans3,962,0,0
2644,q962_ans4,962,0,0
2645,q963_ans1,963,0,0
2646,q963_ans2,963,0,0
2647,q963_ans3,963,0,0
2648,q963_ans4,963,1,0
2649,q964_ans1,964,0,0
2650,q964_ans2,964,1,0
2651,q964_ans3,964,0,0
2652,q965_ans1,965,1,0
2653,q965_ans2,965,0,0
2654,q965_ans3,965,0,0
2655,q965_ans4,965,0,0
2656,q966_ans1,966,0,0
2657,q966_ans2,966,0,0
2658,q966_ans3,966,0,0
2659,q966_ans4,966,1,0
2660,q967_ans1,967,0,0
2661,q967_ans2,967,0,0
2662,q967_ans3,967,0,0
2663,q967_ans4,967,1,0
2664,q968_ans1,968,1,0
2665,q968_ans2,968,0,0
2666,q968_ans3,968,0,0
2667,q968_ans4,968,0,0
2668,q969_ans1,969,0,1
2669,q969_ans2,969,0,1
2670,q969_ans3,969,1,1
2671,q969_ans4,969,0,1
2672,q970_ans1,970,0,0
2673,q970_ans2,970,1,0
2674,q970_ans3,970,0,0
2675,q970_ans4,970,0,0
2676,q971_ans1,971,0,0
2677,q971_ans2,971,0,0
2678,q971_ans3,971,0,0
2679,q971_ans4,971,1,0
2680,q972_ans1,972,0,0
2681,q972_ans2,972,1,0
2682,q972_ans3,972,0,0
2683,q972_ans4,972,0,0
2684,q973_ans1,973,0,0
2685,q973_ans2,973,0,0
2686,q973_ans3,973,1,0
2687,q973_ans4,973,0,0
2688,q974_ans1,974,0,0
2689,q974_ans2,974,0,0
2690,q974_ans3,974,1,0
2691,q974_ans4,974,0,0
2692,q975_ans1,975,1,0
2693,q975_ans2,975,0,0
2694,q975_ans3,975,0,0
2695,q975_ans4,975,0,0
2696,q976_ans1,976,0,0
2697,q976_ans2,976,0,0
2698,q976_ans3,976,1,0
2699,q976_ans4,976,0,0
2700,q977_ans1,977,1,1
2701,q977_ans2,977,0,1
2702,q977_ans3,977,0,1
2703,q978_ans1,978,1,0
2704,q978_ans2,978,0,0
2705,q978_ans3,978,0,0
2706,q979_ans1,979,0,0
2707,q979_ans2,979,0,0
2708,q979_ans3,979,1,0
2709,q980_ans1,980,0,0
2710,q980_ans2,980,0,0
2711,q980_ans3,980,0,0
2712,q980_ans4,980,1,0
2713,q981_ans1,981,0,0
2714,q981_ans2,981,0,0
2715,q981_ans3,981,1,0
2716,q982_ans1,982,0,0
2717,q982_ans2,982,1,0
2718,q982_ans3,982,0,0
2720,q983_ans1,983,0,0
2721,q983_ans2,983,0,0
2722,q983_ans3,983,1,0
2723,q984_ans1,984,1,0
2724,q984_ans2,984,0,0
2725,q984_ans3,984,0,0
2726,q985_ans1,985,0,0
2727,q985_ans2,985,0,0
2728,q985_ans3,985,1,0
2729,q985_ans4,985,0,0
2730,q986_ans1,986,1,0
2731,q986_ans2,986,0,0
2732,q986_ans3,986,0,0
2733,q987_ans1,987,0,0
2734,q987_ans2,987,0,0
2735,q987_ans3,987,1,0
2736,q987_ans4,987,0,0
2737,q988_ans1,988,0,0
2738,q988_ans2,988,0,0
2739,q988_ans3,988,0,0
2740,q988_ans4,988,0,0
2741,q988_ans5,988,1,0
2742,q989_ans1,989,0,0
2743,q989_ans2,989,0,0
2744,q989_ans3,989,0,0
2745,q989_ans4,989,0,0
2746,q989_ans5,989,1,0
2747,q990_ans1,990,0,0
2748,q990_ans2,990,0,0
2749,q990_ans3,990,0,0
2750,q990_ans4,990,0,0
2751,q990_ans5,990,1,0
2752,q991_ans1,991,0,0
2753,q991_ans2,991,0,0
2754,q991_ans3,991,0,0
2755,q991_ans4,991,0,0
2756,q991_ans5,991,1,0
2757,q992_ans1,992,0,0
2758,q992_ans2,992,0,0
2759,q992_ans3,992,0,0
2760,q992_ans4,992,1,0
2761,q993_ans1,993,0,0
2762,q993_ans2,993,0,0
2763,q993_ans3,993,0,0
2764,q993_ans4,993,1,0
2765,q994_ans1,994,0,0
2766,q994_ans2,994,0,0
2767,q994_ans3,994,0,0
2768,q994_ans4,994,1,0
2769,q995_ans1,995,0,0
2770,q995_ans2,995,0,0
2771,q995_ans3,995,0,0
2772,q995_ans4,995,1,0
2773,q996_ans1,996,1,0
2774,q996_ans2,996,0,0
2775,q996_ans3,996,0,0
2776,q996_ans4,996,0,0
2777,q997_ans1,997,0,0
2778,q997_ans2,997,1,0
2779,q997_ans3,997,0,0
2780,q997_ans4,997,0,0
2781,q998_ans1,998,0,0
2782,q998_ans2,998,1,0
2783,q998_ans3,998,0,0
2784,q998_ans4,998,0,0
2785,q999_ans1,999,0,0
2786,q999_ans2,999,0,0
2787,q999_ans3,999,0,0
2788,q999_ans4,999,1,0
2789,q1000_ans1,1000,0,0
2790,q1000_ans2,1000,0,0
2791,q1000_ans3,1000,0,0
2792,q1000_ans4,1000,1,0